date,theme,mention_number,old_basket,old_source,old_direction,new_basket,new_source,new_direction,new_reasoning,changed,override_exists
2019-11-26,Intel recovery / foundry failure,1,,NO_BASKET,LONG,"TSM, AAPL, AMD, QCOM, INTC",BAKER_NAMED,PAIR_TRADE,"Baker explicitly argues TSMC's process leadership creates a durable structural advantage for fabless designers (AAPL, AMD, QCOM) manufactured at TSMC, and sustained headwinds for INTC, making this a long fabless/TSMC vs short INTC pair trade.",YES,YES
2020-04-02,Metaverse / gaming as platform,2,"ATVI, EA, TTWO",BAKER_NAMED,LONG,"MSFT, SNE, RBLX",BAKER_NAMED,LONG,"Baker explicitly names Xbox (MSFT), PlayStation (SNE), and Roblox (RBLX) as platforms with identity, payments, and social layers best positioned as metaverse infrastructure, recommending owning them as long-term compounders; Steam and Fortnite are private and excluded.",YES,YES
2020-04-02,Target / omnichannel retail,1,TGT,BAKER_NAMED,LONG,"WMT, TGT, COST, KR",BAKER_NAMED,LONG,"Baker explicitly names Walmart, Target, Costco, and Kroger as the biggest e-commerce beneficiaries of COVID with high conviction, arguing they gain durable competitive advantages.",YES,NO
2020-05-07,Power / watts as binding constraint,1,,NO_BASKET,LONG,NVDA,BAKER_NAMED,LONG,He specifically cites NVIDIA GPU clusters deployed in stores and states companies supplying GPU hardware for in-store deployments stand to benefit most directly.,YES,YES
2020-07-27,Broad AI bullish / early innings,1,SMH,OBVIOUS_UNIVERSE,LONG,"SMH, SOXX",OBVIOUS_UNIVERSE,LONG,"Bullish sector-level call on the entire semiconductor industry with 4-6x structural demand uplift, most naturally expressed via broad semiconductor ETFs.",YES,NO
2020-07-27,DRAM / HBM memory bottleneck,1,MU,OBVIOUS_UNIVERSE,LONG,"SMH, SOXX",OBVIOUS_UNIVERSE,LONG,"Bullish on the entire semiconductor sector as AI drives 4-6x structural demand uplift across logic, memory, networking, and equipment — broad sector ETFs are the obvious vehicle for this non-company-specific thesis.",YES,NO
2020-07-27,Intel recovery / foundry failure,2,INTC,BAKER_NAMED,LONG,"INTC, AMD",BAKER_NAMED,PAIR_TRADE,"Baker is bearish on Intel due to structural manufacturing failures and bullish on AMD as the primary x86 beneficiary, forming a natural pair trade short INTC / long AMD.",YES,NO
2021-09-13,Broad AI bullish / early innings,2,SMH,OBVIOUS_UNIVERSE,LONG,,NO_BASKET,,Broad sector-level bullish view on semiconductors without naming specific companies or sub-segments; the beneficiary universe is too broad to resolve into a specific actionable basket.,YES,NO
2021-11-01,SpaceX ecosystem / Starship economics,1,"VSAT, SATS, LUMN",BAKER_NAMED,SHORT,"VSAT, SATS, LUMN",OBVIOUS_UNIVERSE,SHORT,"Bearish thesis on leveraged telecom/broadband incumbents facing Starlink disruption, with VSAT and SATS (EchoStar) facing direct substitution and LUMN as a leveraged wireline carrier facing subscriber erosion.",YES,YES
2021-11-01,Target / omnichannel retail,3,TGT,BAKER_NAMED,LONG,"WMT, TGT, HD, LOW",BAKER_NAMED,LONG,"Baker expresses high conviction that best-in-breed omni-channel retailers with accessible non-mall footprints (WMT, TGT, HD, LOW all fit this description precisely) are structural winners from the permanent COVID-driven shift to unified omni-channel retail.",YES,NO
2021-11-30,AI bubble not happening,1,SMH,OBVIOUS_UNIVERSE,LONG,,NO_BASKET,,"Bullish view on large-cap tech and mid-cap SaaS broadly, but the universe is too large and ambiguous to resolve to specific tickers — this is a general sector/valuation framework rather than a targeted thesis.",YES,NO
2021-11-30,ASML / semcap equipment criticality,2,ASML,BAKER_NAMED,LONG,"ASML, LRCX, KLAC, AMAT",BAKER_NAMED,LONG,"Baker argues these four equipment companies occupy structurally irreplaceable positions with durable pricing power, which is a clear bullish investment thesis.",YES,NO
2021-11-30,Broad AI bullish / early innings,3,SMH,OBVIOUS_UNIVERSE,LONG,"META, GOOGL, AMZN, BABA, TCEHY",OBVIOUS_UNIVERSE,LONG,"Bullish on mega-cap internet platforms with the largest proprietary user-generated datasets as structurally advantaged AI winners, explicitly in both US and China.",YES,NO
2021-11-30,DISH / 5G bearish,2,"T, VZ, TMUS",OBVIOUS_UNIVERSE,SHORT,,NO_BASKET,,"The view is bearish on 5G as a technology trend broadly, but doesn't target specific companies or a narrow enough sector to resolve into a tradeable basket — telecom operators and handset manufacturers are too broad and diverse.",YES,YES
2021-11-30,DRAM / HBM memory bottleneck,2,MU,OBVIOUS_UNIVERSE,LONG,,NO_BASKET,,"Bullish on the entire semiconductor sector broadly across compute, memory, and networking — too broad and ambiguous to resolve to a specific actionable basket of tickers.",YES,NO
2021-11-30,Metaverse / gaming as platform,4,"ATVI, EA, TTWO",BAKER_NAMED,LONG,,NO_BASKET,,50-year horizon with explicitly acknowledged uncertainty about which companies will benefit makes this a non-actionable philosophical view rather than a tradeable thesis.,YES,YES
2021-11-30,Scaling laws intact,1,SMH,OBVIOUS_UNIVERSE,LONG,"NVDA, AMD, AVGO, MU, MRVL, TSM, ASML, KLAC, LRCX, AMAT",OBVIOUS_UNIVERSE,LONG,"High-conviction bullish call on the entire semiconductor sector across compute (NVDA, AMD, TSM), memory (MU), networking/interconnect (AVGO, MRVL), and enabling equipment (ASML, KLAC, LRCX, AMAT) as structural beneficiaries of rising semiconductor intensity driven by AI scaling laws.",YES,NO
2021-11-30,SpaceX ecosystem / Starship economics,2,"RKLB, SPCE, RDW",RETAIL_PROXY,LONG,,NO_BASKET,,"The thesis centers on SpaceX and Starlink, both private companies with no public equity expression, and the speaker explicitly acknowledges this constraint.",YES,NO
2021-11-30,Tesla / EV / FSD,1,TSLA,BAKER_NAMED,LONG,"NKLA, RIDE, GOEV, FSR, LCID, ARVL, REE",OBVIOUS_UNIVERSE,SHORT,"Baker is clearly bearish on the EV SPAC sector as fundamentally worthless with no path to competing against Tesla, Chinese EVs, or legacy OEMs, and the public universe of EV SPACs is well-known.",YES,NO
2022-01-25,Metaverse / gaming as platform,5,"ATVI, EA, TTWO",BAKER_NAMED,LONG,"RBLX, MSFT, AAPL, GOOGL",BAKER_NAMED,LONG,"Baker explicitly favors gaming platforms with existing metaverse ecosystems (Roblox, Minecraft/Microsoft) and mobile OS gatekeepers (Apple, Google) as long-term structural winners in the metaverse transition.",YES,YES
2022-03-25,AI bubble not happening,2,SMH,OBVIOUS_UNIVERSE,LONG,"MSFT, AMZN, GOOGL, META",OBVIOUS_UNIVERSE,LONG,"Bullish on cloud/hyperscaler companies specifically, arguing no excess capacity and real cash flows make the selloff a buying opportunity; the public hyperscaler universe is small and obvious.",YES,NO
2023-06-19,DRAM / HBM memory bottleneck,3,MU,OBVIOUS_UNIVERSE,LONG,,NO_BASKET,,"The statement expresses a general structural view about AI capability acceleration and extinction risk, without pointing to specific companies or a narrow enough sector to constitute an actionable trade.",YES,NO
2023-06-19,Nvidia GPU moat / CUDA ecosystem,2,NVDA,BAKER_NAMED,LONG,,NO_BASKET,,"The thesis is a moderate structural observation that Nvidia may lose some share but still grow in absolute terms, which is neither clearly bullish nor bearish, and no specific share-takers are identified.",YES,NO
2023-06-19,Optical networking / interconnect,1,"CIEN, COHR, LITE",BAKER_NAMED,LONG,,NO_BASKET,,"Broadly bullish on solar and battery storage as a macro theme, but no specific companies endorsed and the beneficiary universe is too broad and ambiguous to resolve into a focused basket.",YES,NO
2023-06-19,SaaS existential disruption,1,"CRM, NOW, TEAM, SNOW, HUBS",OBVIOUS_UNIVERSE,SHORT,,NO_BASKET,,"The thesis is a macro-structural view that FMaaS will displace SaaS broadly, but no specific companies are named and the SaaS universe is far too large and ambiguous to resolve into a actionable basket.",YES,YES
2024-01-30,Edge AI as bear case for cloud,1,"AAPL, QCOM",CONSTRUCTED,MIXED,,NO_BASKET,,Baker identifies key variables and risks but does not express a clear directional view on any specific stock; he frames these as scenarios to watch rather than making a bullish or bearish call.,YES,NO
2024-01-30,Optical networking / interconnect,2,"CIEN, COHR, LITE",BAKER_NAMED,LONG,"CIEN, COHR",BAKER_NAMED,LONG,Baker explicitly holds CIEN and the summary clearly implies COHR as a major beneficiary of the coherent optics shift inside data centers.,YES,NO
2024-01-30,Scaling laws intact,2,SMH,OBVIOUS_UNIVERSE,LONG,"GOOGL, MSFT",BAKER_NAMED,LONG,"Baker explicitly identifies Google and Microsoft as hyperscale winners structurally favored by AI scaling laws, while the bearish targets (standalone frontier model companies) are mostly private and not actionable.",YES,NO
2024-02-23,Humanoid robotics / Tesla Optimus,1,TSLA,BAKER_NAMED,LONG,,NO_BASKET,,"This is a general macro/structural thesis about deflation from humanoid robots without naming specific companies, and the universe of potential beneficiaries is too broad and ambiguous to resolve into a actionable basket.",YES,NO
2024-02-23,Power / watts as binding constraint,2,"VST, CEG",BAKER_NAMED,LONG,,NO_BASKET,,"The thesis identifies power infrastructure as a beneficiary sector but the universe of public companies in power generation, transmission, and energy efficiency is too broad and ambiguous to resolve into a specific actionable basket.",YES,NO
2024-07-01,AI networking (Ethernet/InfiniBand),1,ANET,BAKER_NAMED,LONG,"MU, WDC, STX, ANET",OBVIOUS_UNIVERSE,LONG,"Baker has high conviction that storage, memory, and networking companies are the primary beneficiaries of AI infrastructure buildout, and the mentioned companies are the obvious public plays in those niches.",YES,NO
2024-07-01,Broad AI bullish / early innings,4,SMH,OBVIOUS_UNIVERSE,LONG,,NO_BASKET,,"The thesis is about epistemic humility and the unknowability of AI application-layer winners, with no specific companies or narrow sectors identified as actionable.",YES,NO
2024-07-01,Frontier model concentration,1,,NO_BASKET,LONG,"GOOGL, META, MSFT",BAKER_NAMED,LONG,"He explicitly names Google, Meta, and OpenAI/Microsoft as three of only four foundation model winners, implying concentrated upside in their public stocks, while all other foundation model companies will fail or be acquired at distressed valuations.",YES,NO
2024-07-01,Optical networking / interconnect,3,"CIEN, COHR, LITE",BAKER_NAMED,LONG,"CIEN, COHR, LITE, INFN",OBVIOUS_UNIVERSE,LONG,"Baker argues coherent optical networking faces structural, durable demand driven by physics constraints of AI data center buildout, making optical networking suppliers direct beneficiaries; the mentioned companies represent the obvious public universe of coherent optics suppliers.",YES,NO
2024-07-01,Power / watts as binding constraint,3,"VST, CEG",BAKER_NAMED,LONG,"CEG, VST",OBVIOUS_UNIVERSE,LONG,"Baker argues nuclear-adjacent sites are scarce, nearly irreplaceable assets that directly benefit from hyperscale AI buildout, and CEG and VST are the obvious public beneficiaries given their large multi-reactor nuclear campuses.",YES,NO
2024-07-01,Scaling laws intact,3,SMH,OBVIOUS_UNIVERSE,LONG,"NVDA, GOOGL, META, MSFT",OBVIOUS_UNIVERSE,LONG,"Baker's thesis that compute is the key moat and bottleneck clearly favors the dominant GPU supplier (NVDA) and hyperscalers with massive compute capex (GOOGL, META, MSFT), which he explicitly identifies as the beneficiaries.",YES,NO
2024-08-07,DRAM / HBM memory bottleneck,4,MU,OBVIOUS_UNIVERSE,LONG,MU,BAKER_NAMED,LONG,Baker explicitly identifies Micron as the only US-listed HBM winner and a high-conviction long benefiting from structural AI demand.,YES,NO
2024-08-07,Edge AI as bear case for cloud,2,"AAPL, QCOM",CONSTRUCTED,MIXED,MU,BAKER_NAMED,LONG,"Baker identifies Micron as the primary beneficiary of a potential memory supercycle triggered by on-device AI, explicitly noting it as the only major US-listed pure-play memory manufacturer with multi-bagger upside potential.",YES,NO
2024-08-07,Frontier model concentration,2,,NO_BASKET,LONG,"NVDA, GOOGL",BAKER_NAMED,LONG,"Baker argues Nvidia and Google hold a durable structural moat in foundation model training due to ecosystem maturity, implying they are well-positioned to benefit while competitors like AMD and Intel have failed to break in.",YES,NO
2024-08-07,Meta AI transformation,1,META,BAKER_NAMED,LONG,"META, GOOGL",BAKER_NAMED,PAIR_TRADE,"Baker is clearly bullish META (stronger long than a year ago due to AI pivot and distribution scale) and bearish GOOGL (facing credible new threat to search monopoly), constituting a pair trade.",YES,NO
2024-08-07,Nvidia GPU moat / CUDA ecosystem,4,NVDA,BAKER_NAMED,LONG,"NVDA, GOOGL",BAKER_NAMED,LONG,"Baker argues Nvidia and Google hold a durable structural moat in foundation model training due to ecosystem maturity, implying they are well-positioned to benefit while competitors like AMD and Intel are dismissed.",YES,NO
2024-08-07,Power / watts as binding constraint,4,"VST, CEG",BAKER_NAMED,LONG,"CEG, VST, TLN",OBVIOUS_UNIVERSE,LONG,"Baker's thesis that nuclear power proximity is the key bottleneck for AI data center scaling clearly implies structural advantage for the small set of public nuclear-capable power generators near viable US sites, and CEG, VST, TLN are exactly that universe.",YES,NO
2024-08-07,SpaceX ecosystem / Starship economics,3,"RKLB, LUNR, ASTS, RDW",RETAIL_PROXY,LONG,TSLA,BAKER_NAMED,LONG,"TSLA is explicitly identified as the only US-listed equity with a direct data-supply relationship to the xAI thesis, making it a public proxy for a high-conviction private investment.",YES,NO
2024-08-27,AI capex ROI positive,1,"AMZN, MSFT, GOOGL, META",OBVIOUS_UNIVERSE,LONG,"META, GOOGL, MSFT, AMZN",BAKER_NAMED,LONG,"Baker explicitly recommends remaining long the major hyperscalers and AI-heavy platform companies, citing rising ROIC as justification, and names these four as the relevant companies.",YES,NO
2024-08-27,AI networking (Ethernet/InfiniBand),2,ANET,BAKER_NAMED,LONG,"ANET, MU, PSTG",OBVIOUS_UNIVERSE,LONG,"Baker expresses high conviction that networking, storage, and memory are structurally underinvested in AI infrastructure, and the three mentioned companies are the obvious public pure-plays in those niches.",YES,NO
2024-08-27,DRAM / HBM memory bottleneck,5,MU,OBVIOUS_UNIVERSE,LONG,AAPL,BAKER_NAMED,LONG,"Baker explicitly frames Apple as the primary beneficiary of the on-device AI shift due to its iOS distribution leverage and premium phone positioning, with a clear implication to be long AAPL.",YES,NO
2024-08-27,Edge AI as bear case for cloud,3,"AAPL, QCOM",CONSTRUCTED,MIXED,AAPL,BAKER_NAMED,LONG,"Baker explicitly frames Apple as the primary beneficiary of the on-device AI shift due to its iOS distribution leverage and premium phone positioning, with a clear implication to be long AAPL.",YES,NO
2024-08-27,Optical networking / interconnect,4,"CIEN, COHR, LITE",BAKER_NAMED,LONG,NVDA,BAKER_NAMED,LONG,Baker's thesis is that urgent demand from all major labs to build 100k H100 clusters creates sustained demand pull for NVIDIA GPUs and data center infrastructure.,YES,NO
2024-08-27,Power / watts as binding constraint,5,"VST, CEG",BAKER_NAMED,LONG,,NO_BASKET,,"The thesis points to broad structural demand across natural gas infrastructure, modular power generation, and turbine manufacturers, but no specific companies are named and the beneficiary universe is too diffuse to resolve to a small obvious basket.",YES,NO
2024-08-27,SaaS existential disruption,2,"CRM, NOW, TEAM, SNOW, HUBS",OBVIOUS_UNIVERSE,SHORT,,NO_BASKET,,"The bearish thesis targets 'traditional SaaS' broadly without naming specific companies, and the universe is too large and ambiguous to resolve to a small basket of tickers.",YES,YES
2024-08-27,Scaling laws intact,4,SMH,OBVIOUS_UNIVERSE,LONG,NVDA,OBVIOUS_UNIVERSE,LONG,"Baker's thesis that AI capex spending remains structurally unconstrained directly benefits 'the dominant GPU supplier,' which clearly refers to NVIDIA.",YES,NO
2024-12-07,AI capex ROI positive,2,"AMZN, MSFT, GOOGL, META",OBVIOUS_UNIVERSE,LONG,"GOOGL, META, MSFT, AMZN",BAKER_NAMED,LONG,"Baker argues hyperscaler ROIC on AI capex has been strongly positive, spending is rational due to prisoners' dilemma dynamics, and these four companies will sustain or grow AI capex with justified returns.",YES,NO
2024-12-07,China AI distillation / export controls,1,"ASML, LRCX, AMAT, KLAC",OBVIOUS_UNIVERSE,LONG,"NVDA, AMD, AVGO",BAKER_NAMED,LONG,"Baker argues the imminent Blackwell/next-gen compute wave will widen the US-China gap, directly benefiting the named suppliers of advanced AI compute that China cannot access.",YES,YES
2024-12-07,Nuclear / clean energy for AI,1,"CCJ, VST, CEG",CONSTRUCTED,LONG,"CEG, VST, SMR, OKLO, CCJ",OBVIOUS_UNIVERSE,LONG,"High-conviction bullish thesis on nuclear as the best near-term US electricity capacity solution, pointing to an identifiable cluster of public nuclear energy and uranium companies.",YES,NO
2024-12-07,Optical networking / interconnect,5,"CIEN, COHR, LITE",BAKER_NAMED,LONG,,NO_BASKET,,"The core thesis is bullish on xAI/Grok 3, which is a private company; the NVDA mention is a secondary/incidental observation about past demand, not a forward-looking investment thesis on NVDA.",YES,NO
2024-12-07,Reasoning / inference-time compute,1,"NVDA, AMD",OBVIOUS_UNIVERSE,LONG,,NO_BASKET,,"Bullish on inference-side AI infrastructure broadly (chips, servers, data centers) but no specific companies named and the beneficiary universe is too broad and ambiguous to resolve to a small basket.",YES,NO
2024-12-07,Scaling laws intact,5,SMH,OBVIOUS_UNIVERSE,LONG,NVDA,OBVIOUS_UNIVERSE,LONG,"Baker argues Colossus triggered competitors to rush-purchase Hopper GPUs, providing a demand bridge that saved Nvidia during the Blackwell delay, which is a clearly bullish implication for NVDA.",YES,NO
2025-01-04,Broad AI bullish / early innings,5,SMH,OBVIOUS_UNIVERSE,LONG,,NO_BASKET,,"The thesis is a macro capability prediction about AI progress broadly, with no specific companies named and beneficiaries too broad and ambiguous to resolve to a small obvious ticker universe.",YES,NO
2025-01-04,China AI distillation / export controls,2,"ASML, LRCX, AMAT, KLAC",OBVIOUS_UNIVERSE,LONG,,NO_BASKET,,"The primary beneficiaries identified (OpenAI and Anthropic) are private companies with no public stock, making this non-actionable.",YES,YES
2025-01-04,DRAM / HBM memory bottleneck,6,MU,OBVIOUS_UNIVERSE,LONG,"MU, 000660.KS",OBVIOUS_UNIVERSE,LONG,"Baker is clearly bullish on HBM producers as his best 2025 pick, and explicitly identifies SK Hynix and Micron as the only two qualified producers at scale.",YES,NO
2025-01-04,Reasoning / inference-time compute,2,"NVDA, AMD",OBVIOUS_UNIVERSE,LONG,"NVDA, MU",BAKER_NAMED,LONG,Baker's high-conviction thesis that reasoning/inference compute will exhaust GPU and HBM supply in 2025 directly implies sustained demand benefiting NVIDIA as the dominant GPU supplier and Micron as an HBM memory supplier.,YES,NO
2025-01-04,SaaS existential disruption,3,"CRM, NOW, TEAM, SNOW, HUBS",OBVIOUS_UNIVERSE,SHORT,"CRM, NOW, WDAY",BAKER_NAMED,SHORT,"Categorically bearish on enterprise SaaS as the worst-performing asset class of 2025 due to AI agent displacement, with CRM, NOW, WDAY named as representative incumbents in the sector.",YES,YES
2025-01-28,China AI distillation / export controls,3,"ASML, LRCX, AMAT, KLAC",OBVIOUS_UNIVERSE,LONG,,NO_BASKET,,This is a geopolitical risk analysis of the chip embargo with no actionable bullish or bearish view on specific companies or sectors.,YES,YES
2025-01-28,Optical networking / interconnect,6,"CIEN, COHR, LITE",BAKER_NAMED,LONG,,NO_BASKET,,"While bullish on AI application and deployment layer companies over training infrastructure plays, the universe of beneficiaries is too broad and ambiguous to resolve to specific tickers.",YES,NO
2025-01-28,Scaling laws intact,6,SMH,OBVIOUS_UNIVERSE,LONG,,NO_BASKET,,"The thesis is a broad sector-level call on AI infrastructure buildout lasting 5-10 years; NVDA is mentioned as potentially incidental, and the beneficiary universe (semis, cloud, infrastructure) is too broad and ambiguous to resolve to a specific actionable basket.",YES,NO
2025-03-29,AI capex ROI positive,4,"AMZN, MSFT, GOOGL, META",OBVIOUS_UNIVERSE,LONG,NVDA,BAKER_NAMED,LONG,"Baker explicitly identifies Nvidia as the primary beneficiary of compute scarcity driven by AI agent adoption, making it a clear bullish call on NVDA.",YES,NO
2025-03-29,China AI distillation / export controls,4,"ASML, LRCX, AMAT, KLAC",OBVIOUS_UNIVERSE,LONG,,NO_BASKET,,"Baker is making a geopolitical observation about export control enforceability, not expressing a bullish or bearish view on any company or sector.",YES,YES
2025-03-29,Neoclouds as durable model,1,"CRWV, NBIS",BAKER_NAMED,LONG,NVDA,BAKER_NAMED,LONG,"Baker argues with high conviction that Nvidia's competitive moat is deeper than it appears due to deliberate strategic management of its customer base, which is a clearly bullish thesis on NVDA.",YES,YES
2025-05-28,DRAM / HBM memory bottleneck,7,MU,OBVIOUS_UNIVERSE,LONG,"000660.KS, MU",BAKER_NAMED,LONG,Baker explicitly pitched SK Hynix as his core long position and identified Micron as a direct beneficiary of the same HBM demand tailwind.,YES,NO
2025-05-28,Reasoning / inference-time compute,3,MU,OBVIOUS_UNIVERSE,LONG,"000660.KS, MU",BAKER_NAMED,LONG,"Baker explicitly identifies SK Hynix and Micron as primary beneficiaries of structurally higher HBM demand driven by reasoning models, with high conviction.",YES,YES
2025-10-22,DRAM / HBM memory bottleneck,8,MU,OBVIOUS_UNIVERSE,LONG,GOOGL,BAKER_NAMED,LONG,"Google DeepMind is explicitly named as one of four primary beneficiaries of the reasoning model flywheel dynamic, and GOOGL is the only one that is publicly traded; the other three (OpenAI, Anthropic, XAI) are private.",YES,NO
2025-10-22,Edge AI as bear case for cloud,4,"AAPL, QCOM",CONSTRUCTED,MIXED,NVDA,OBVIOUS_UNIVERSE,SHORT,"Bearish thesis on hyperscale data center capex beneficiaries, with GPU suppliers identified as most at risk; NVDA is the dominant public pure-play GPU supplier for AI data centers, though conviction is moderate and framed as a risk scenario rather than base case.",YES,NO
2025-10-22,Humanoid robotics / Tesla Optimus,6,TSLA,BAKER_NAMED,LONG,TSLA,OBVIOUS_UNIVERSE,LONG,"The bullish thesis on humanoid robots becoming ubiquitous, combined with specifically citing Tesla's Optimus robot, makes TSLA the clear primary public beneficiary of this view.",YES,NO
2025-10-22,SpaceX ecosystem / Starship economics,4,"RKLB, LUNR, ASTS, RDW",RETAIL_PROXY,LONG,,NO_BASKET,,"SpaceX is a private company with no public equity proxy identified, so the thesis cannot be acted on via public stocks.",YES,NO
2025-10-22,xAI competitive position,8,,NO_BASKET,LONG,GOOGL,BAKER_NAMED,LONG,Baker explicitly identifies GOOGL as the primary publicly-listed beneficiary of the structural data moat thesis with high conviction.,YES,NO
2025-10-30,AI bubble not happening,3,SMH,OBVIOUS_UNIVERSE,LONG,NVDA,BAKER_NAMED,LONG,"Baker explicitly argues Nvidia is not in bubble territory, citing reasonable valuation at 40x earnings and full GPU utilization, making a clear bullish case for the stock.",YES,NO
2025-10-30,AI capex ROI positive,5,"AMZN, MSFT, GOOGL, META",OBVIOUS_UNIVERSE,LONG,"GOOGL, META, MSFT, AMZN",BAKER_NAMED,LONG,"Baker explicitly recommends remaining long the major hyperscalers as a group, citing strong ROIC and massive cash cushions, with these four companies named as the relevant set.",YES,NO
2025-10-30,Custom ASIC failure thesis,1,"NVDA, GOOGL, AVGO(short)",PAIR_TRADE,PAIR_TRADE,"NVDA, AVGO",BAKER_NAMED,PAIR_TRADE,"Baker is bullish Nvidia as the structural beneficiary of custom ASIC failures and bearish Broadcom whose ASIC business faces execution risk, forming a natural pair trade.",YES,YES
2025-10-30,Google TPU competitive position,2,GOOGL,BAKER_NAMED,LONG,NVDA,BAKER_NAMED,LONG,"Baker explicitly argues NVDA's roundtripping concerns are overblown and its investments should be viewed as rational competitive moat-building, making the stock more attractive than the negative narrative suggests.",YES,NO
2025-10-30,Optical networking / interconnect,7,"CIEN, COHR, LITE",BAKER_NAMED,LONG,GOOGL,BAKER_NAMED,SHORT,"Baker explicitly argues that Google's advertising revenue model will be structurally disrupted by AI-driven outcome-based affiliate fees, representing a bearish view on GOOGL's long-term earnings power.",YES,NO
2025-10-30,SaaS existential disruption,4,"CRM, NOW, TEAM, SNOW, HUBS",OBVIOUS_UNIVERSE,SHORT,,NO_BASKET,,"The thesis is a sector-wide structural framework about how to interpret SaaS gross margins in the AI era, without naming specific companies, and 'application SaaS' is too broad a universe to resolve to a small set of tickers.",YES,YES
2025-10-30,Scaling laws intact,7,SMH,OBVIOUS_UNIVERSE,LONG,,NO_BASKET,,"The thesis is a broad sector call that AI infrastructure buildout remains intact, but no specific companies are named or implied narrowly enough to resolve to a small ticker basket.",YES,NO
2025-12-09,AI capex ROI positive,6,"AMZN, MSFT, GOOGL, META",OBVIOUS_UNIVERSE,LONG,"META, GOOGL",BAKER_NAMED,LONG,"Baker argues the largest hyperscaler GPU spenders are generating real, auditable ROIC improvements from AI, making the bear case empirically weak, with META and GOOGL named as the primary examples.",YES,NO
2025-12-09,China AI distillation / export controls,6,"ASML, LRCX, AMAT, KLAC",OBVIOUS_UNIVERSE,LONG,NVDA,BAKER_NAMED,LONG,Baker explicitly identifies Nvidia as the direct beneficiary of concentrated advanced compute spending in the US as Chinese demand is structurally suppressed.,YES,YES
2025-12-09,Custom ASIC failure thesis,2,"NVDA, GOOGL, AVGO(short)",PAIR_TRADE,PAIR_TRADE,NVDA,BAKER_NAMED,LONG,Baker's high-conviction view that most ASICs will fail and Nvidia's annual cadence raises the competitive bar continuously makes NVDA the clear dominant beneficiary by default; AMD is called out as unlikely to displace this dynamic but shorting it is secondary to the core NVDA-bullish thesis.,YES,YES
2025-12-09,DRAM / HBM memory bottleneck,9,MU,OBVIOUS_UNIVERSE,LONG,,NO_BASKET,,"The primary thesis is about Anthropic, a private company; the public company mentions (GOOGL, AMZN, NVDA) are incidental infrastructure context rather than actionable bullish/bearish calls.",YES,NO
2025-12-09,Edge AI as bear case for cloud,5,"AAPL, QCOM",CONSTRUCTED,MIXED,"NVDA, AMD, AVGO",OBVIOUS_UNIVERSE,SHORT,"Bearish on cloud AI inference compute demand and GPU/TPU datacenter buildout, whose most obvious public beneficiaries are the major AI chip companies.",YES,NO
2025-12-09,Nuclear/quantum bubble warning,1,,NO_BASKET,SHORT,"IONQ, RGTI, QBTS, QUBT, SMR, OKLO, NNE, LEU",OBVIOUS_UNIVERSE,SHORT,"Baker calls pure-play public quantum computing and nuclear/SMR stocks 'really clear bubbles' with valuations disconnected from fundamentals, and the obvious small public universe of pure-play names in these niches is well-known.",YES,NO
2025-12-09,Optical networking / interconnect,8,"CIEN, COHR, LITE",BAKER_NAMED,LONG,NVDA,BAKER_NAMED,LONG,"Baker explicitly identifies Nvidia as the beneficiary of power-scarcity-driven pricing power with high conviction, arguing its margins are structurally protected against ASIC competition.",YES,NO
2025-12-09,Orbital / space-based compute,1,"RKLB, LUNR, ASTS, RDW",RETAIL_PROXY,LONG,TSLA,BAKER_NAMED,LONG,"Baker explicitly names Tesla as the only publicly traded company in the SpaceX/xAI/Tesla convergence around orbital compute infrastructure, which he calls the most important development of the next 3-4 years with high conviction.",YES,NO
2025-12-09,Power / watts as binding constraint,6,"VST, CEG",BAKER_NAMED,LONG,NVDA,BAKER_NAMED,LONG,"Baker explicitly identifies Nvidia as having durable, structurally protected pricing power due to power scarcity making their GPUs the most compute-efficient option, with high conviction.",YES,NO
2025-12-09,Reasoning / inference-time compute,5,GOOGL,BAKER_NAMED,LONG,META,BAKER_NAMED,LONG,"Baker explicitly identifies Meta as the only publicly traded pure-play among the top four frontier labs benefiting from the reasoning model data flywheel, with high conviction.",YES,YES
2025-12-09,SaaS existential disruption,5,"CRM, NOW, TEAM, SNOW, HUBS",OBVIOUS_UNIVERSE,SHORT,"MSFT, CRM, NOW, HUBS, GTLB, TEAM",BAKER_NAMED,PAIR_TRADE,"Baker is bullish on MSFT as the only incumbent executing correctly, and bearish on CRM, NOW, HUBS, GTLB, TEAM as SaaS incumbents facing existential disruption risk from refusing to cannibalize their margins for AI agents.",YES,YES
2025-12-09,Scaling laws intact,8,SMH,OBVIOUS_UNIVERSE,LONG,NVDA,BAKER_NAMED,LONG,Baker explicitly argues that confirmed pre-training scaling laws are bullish for Nvidia as the direct beneficiary of sustained GPU demand on Blackwell hardware.,YES,NO
2025-12-09,SpaceX ecosystem / Starship economics,5,"RKLB, LUNR, ASTS, RDW",RETAIL_PROXY,LONG,TSLA,BAKER_NAMED,LONG,"Baker identifies TSLA as the only publicly traded equity expression of a mutually reinforcing ecosystem he views positively, implying a bullish stance albeit at moderate conviction.",YES,NO
2025-12-09,TSMC capacity discipline,1,"NVDA, AVGO, MU",OBVIOUS_UNIVERSE,LONG,INTC,BAKER_NAMED,LONG,"Baker argues TSMC's conservative capacity expansion creates a supply gap that Intel under Lip-Bu Tan can fill, making Intel a beneficiary.",YES,NO
2025-12-09,Trainium / Amazon custom silicon,1,AMZN,BAKER_NAMED,LONG,NVDA,BAKER_NAMED,LONG,Baker's high-conviction view is that Nvidia remains the dominant AI accelerator beneficiary by default since nearly all ASICs except TPU and Trainium will fail and Nvidia's annual cadence keeps raising the bar for competitors.,YES,NO
2025-12-09,xAI competitive position,9,,NO_BASKET,LONG,NVDA,BAKER_NAMED,LONG,"Baker identifies NVDA as the clearest public-market beneficiary of XAI's Blackwell GPU deployment, with high conviction that this strengthens XAI's position and directly benefits Nvidia as the supplier.",YES,NO
2026-02-24,AI bubble not happening,4,SMH,OBVIOUS_UNIVERSE,LONG,TSM,OBVIOUS_UNIVERSE,LONG,"Explicitly bullish on wafer and power chokepoints; TSM is the only leading-edge fab pure play and was named, while power infrastructure is too broad to resolve to specific tickers.",YES,NO
2026-02-24,Optical networking / interconnect,9,"CIEN, COHR, LITE",BAKER_NAMED,LONG,,NO_BASKET,,"The thesis is about Anthropic, a private company with no public stock, and no actionable public equity play is implied.",YES,NO
2026-02-24,Orbital / space-based compute,2,"RKLB, LUNR, ASTS, RDW",RETAIL_PROXY,LONG,,NO_BASKET,,"The thesis centers on SpaceX/Starlink which is private, and the speaker explicitly notes no clean US-listed pure-play equity expression exists.",YES,NO
2026-02-24,SaaS existential disruption,6,"CRM, NOW, TEAM, SNOW, HUBS",OBVIOUS_UNIVERSE,SHORT,HUBS,BAKER_NAMED,SHORT,"Baker explicitly cites HubSpot's collapse as early evidence of structural repricing of pure-play SaaS companies due to AI-enabled vibe coding, with high conviction that this sector faces existential risk; the broader pure-play SaaS universe is too large to enumerate but HUBS is the specifically named example.",YES,YES
2026-02-24,Uranium enrichment / national security,1,LEU,BAKER_NAMED,LONG,LEU,OBVIOUS_UNIVERSE,LONG,"The speaker is bullish on domestic US uranium enrichment capacity buildout, and LEU (Centrus Energy) is the only meaningful publicly traded US uranium enrichment company, making it the obvious public market beneficiary of this thesis.",YES,NO
2026-03-02,Broad AI bullish / early innings,7,SMH,OBVIOUS_UNIVERSE,LONG,,NO_BASKET,,This is a broad macro-structural thesis about AI as a multi-decade trend without naming specific companies or a sufficiently narrow sector to resolve into specific tickers.,YES,NO
2026-05-12,DRAM / HBM memory bottleneck,10,MU,OBVIOUS_UNIVERSE,LONG,,NO_BASKET,,"The summary explicitly states his directional view (bullish or bearish) is not disclosed, making the thesis not actionable despite high conviction on memory cycle dynamics.",YES,NO
2026-05-12,Neoclouds as durable model,2,"CRWV, NBIS",BAKER_NAMED,LONG,"CRWV, NBIS",OBVIOUS_UNIVERSE,LONG,"Baker expresses high conviction that neo/specialist cloud providers represent a durable, defensible business model with operational moats, and CRWV and NBIS are the two publicly traded companies in this small niche.",YES,YES
2026-05-12,Orbital / space-based compute,3,"RKLB, LUNR, ASTS, RDW",RETAIL_PROXY,LONG,,NO_BASKET,,"This is a passing thematic observation about orbital compute with no specific companies, no directional conviction, and no actionable thesis.",YES,NO
2026-05-12,TSMC capacity discipline,2,"NVDA, AVGO, MU",OBVIOUS_UNIVERSE,LONG,TSM,BAKER_NAMED,LONG,"Baker explicitly identifies TSMC as a core long position, arguing its deliberate capacity restraint makes it the critical chokepoint beneficiary of a prolonged AI upcycle.",YES,NO
2026-05-20,AI destroying application layer value,1,SMH,OBVIOUS_UNIVERSE,LONG,,NO_BASKET,,"While bearish on incumbent SaaS companies as a category, no specific companies or a sufficiently narrow sector with an obvious small public universe are identified to construct a actionable trade.",YES,NO
2026-05-20,DRAM / HBM memory bottleneck,11,MU,OBVIOUS_UNIVERSE,LONG,"MU, AMAT, LRCX, KLAC",OBVIOUS_UNIVERSE,PAIR_TRADE,"Baker is explicitly long DRAM (Micron as the US-listed pure play) and skeptical of semi-cap equipment multiples at 40x earnings, implying long MU vs short the obvious semi-cap equipment names (AMAT, LRCX, KLAC).",YES,NO
2026-05-20,Disaggregation prefill/decode,1,NVDA,OBVIOUS_UNIVERSE,LONG,CRWV,OBVIOUS_UNIVERSE,LONG,"Bullish on GPU-backed private credit financing and cloud operators leasing GPU capacity, with CoreWeave explicitly cited as the benchmark beneficiary of compressing financing rates from 7% to 5-6%.",YES,NO
2026-05-20,Google TPU competitive position,4,GOOGL,BAKER_NAMED,LONG,GOOGL,BAKER_NAMED,SHORT,"Baker expresses high-conviction bearish view on Google due to a structural, self-inflicted loss of cost-per-token leadership from conservative TPU v8 design, negatively impacting AI monetization and cloud competitiveness.",YES,YES
2026-05-20,Inference economics / token factories,1,CRWV,BAKER_NAMED,LONG,,NO_BASKET,,The thesis is about private companies (Anthropic and OpenAI) with no directly tradeable public equity.,YES,YES
2026-05-20,Optical networking / interconnect,10,"CIEN, COHR, LITE",BAKER_NAMED,LONG,ALAB,BAKER_NAMED,LONG,"Baker explicitly identifies ALAB as a high-conviction long, arguing it is miscategorized and mispriced as a 'copper loser' when it structurally benefits from both copper and optical connectivity.",YES,NO
2026-05-20,Orbital / space-based compute,4,"RKLB, LUNR, ASTS, RDW",RETAIL_PROXY,LONG,"GEV, VST, CEG, TLN",OBVIOUS_UNIVERSE,LONG,"Bullish on power generation and grid infrastructure benefiting from AI data center buildout through 2027-2028, with GEV mentioned for turbine manufacturing and clean power producers with contracted capacity (VST, CEG, TLN) as obvious public beneficiaries of near-term power scarcity.",YES,NO
2026-05-20,Power / cooling equipment suppliers,1,"VRT, ETN, PWR",BAKER_NAMED,LONG,"GEV, ETN, VRT, PWR",BAKER_NAMED,SHORT,"Baker expresses a bearish structural risk warning on terrestrial power production and cooling infrastructure companies ramping capacity, with these four tickers mentioned as representative of that ecosystem.",YES,NO
2026-05-20,Power / watts as binding constraint,7,"VST, CEG",BAKER_NAMED,LONG,,NO_BASKET,,"The primary enabler cited is SpaceX, which is private, and the summary explicitly states no liquid US-listed equity is an unambiguous direct beneficiary.",YES,NO
2026-05-20,SpaceX ecosystem / Starship economics,6,"RKLB, LUNR, ASTS, RDW",RETAIL_PROXY,LONG,"ASML, KLAC, LRCX, AMAT",BAKER_NAMED,LONG,"Baker explicitly identifies semi-cap equipment suppliers as long-term structural beneficiaries deeply embedded in TerraFab's buildout, naming ASML, KLAC, LRCX, and AMAT.",YES,NO
2026-05-20,TSMC capacity discipline,3,"NVDA, AVGO, MU",OBVIOUS_UNIVERSE,LONG,,NO_BASKET,,"Baker is presenting TSM as an analytical lens and leading indicator to monitor, not making a directional call to buy or sell any specific stock or sector.",YES,NO
2026-05-22,AI capex ROI positive,7,"AMZN, MSFT, GOOGL, META",OBVIOUS_UNIVERSE,LONG,"GOOGL, META, AMZN, MSFT, NVDA",OBVIOUS_UNIVERSE,LONG,"Bullish thesis that hyperscaler GPU capex is justified by real inference revenue and ROI, vindicating the named hyperscalers and NVDA as the obvious GPU infrastructure supplier.",YES,NO
2026-05-22,China AI distillation / export controls,7,"ASML, LRCX, AMAT, KLAC",OBVIOUS_UNIVERSE,LONG,NVDA,BAKER_NAMED,LONG,Baker's thesis implies a policy shift allowing depreciated GPU sales to China would be modestly positive for Nvidia by opening an incremental revenue channel.,YES,YES
2026-05-22,DRAM / HBM memory bottleneck,12,MU,OBVIOUS_UNIVERSE,LONG,,NO_BASKET,,"The thesis is primarily about SpaceX (private company) and EWS; NVDA is explicitly described as only a loose downstream beneficiary, not a direct investment thesis.",YES,NO
2026-05-22,Disaggregation prefill/decode,2,NVDA,OBVIOUS_UNIVERSE,LONG,CRWV,BAKER_NAMED,LONG,"Baker explicitly argues neo-cloud operators like CoreWeave are vindicated by longer GPU useful lives, making CRWV a direct beneficiary of this re-rating; NVDA is mentioned as a catalyst but the actionable thesis centers on neo-cloud operators.",YES,NO
2026-05-22,Neoclouds as durable model,3,"CRWV, NBIS",BAKER_NAMED,LONG,CRWV,BAKER_NAMED,LONG,"Baker explicitly argues neo-cloud operators like CoreWeave are vindicated by longer GPU useful lives, validating their financing structures and implying equity re-rating upward.",YES,YES
2026-05-22,Optical networking / interconnect,11,"CIEN, COHR, LITE",BAKER_NAMED,LONG,,NO_BASKET,,"This is a broad macro/geopolitical thesis about US relative advantage from energy self-sufficiency, not a actionable view on specific companies or a narrow sector with an obvious small public universe.",YES,NO
2026-05-22,Orbital / space-based compute,5,"RKLB, LUNR, ASTS, RDW",RETAIL_PROXY,LONG,,NO_BASKET,,"The thesis is bullish on SpaceX, which is private, and no public company is identified as a structural beneficiary.",YES,NO
2026-05-22,SpaceX ecosystem / Starship economics,7,"RKLB, LUNR, ASTS, RDW",RETAIL_PROXY,LONG,,NO_BASKET,,"The thesis is primarily about SpaceX (private company) and EWS; NVDA is explicitly called only a loose downstream beneficiary, not a direct investment recommendation.",YES,NO
2026-05-28,AI bubble not happening,5,SMH,OBVIOUS_UNIVERSE,LONG,"GOOGL, MSFT, AMZN, META, TSM, NVDA",BAKER_NAMED,LONG,"Baker explicitly argues for being long the AI infrastructure stack, naming hyperscalers and key suppliers as beneficiaries of a durable supercycle with constrained supply meeting surging demand.",YES,NO
2026-05-28,DRAM / HBM memory bottleneck,13,MU,OBVIOUS_UNIVERSE,LONG,"000660.KS, MU",BAKER_NAMED,LONG,"Baker is clearly bullish on SK Hynix's dominant HBM position with ~70% margins and extraordinary pricing power, and identifies MU as the US-listed proxy for this thesis.",YES,NO
2026-05-28,Edge AI as bear case for cloud,6,"AAPL, QCOM",CONSTRUCTED,MIXED,,NO_BASKET,,"He explicitly does not hold Apple as an investment expression and identifies no specific investable names for the SLM-on-device theme, making this a thematic observation without actionable trades.",YES,NO
2026-05-28,Orbital / space-based compute,6,"RKLB, LUNR, ASTS, RDW",RETAIL_PROXY,LONG,,NO_BASKET,,"The thesis centers on SpaceX, a private company, and the speaker himself acknowledges limited actionability in public markets with no pure-play public orbital compute company existing.",YES,NO
2026-05-28,Power / watts as binding constraint,8,"VST, CEG",BAKER_NAMED,LONG,"GOOGL, MSFT, AMZN, META, TSM, NVDA",BAKER_NAMED,LONG,"Baker explicitly advocates being long the AI infrastructure stack, naming these hyperscalers and key suppliers as beneficiaries of constrained supply meeting surging demand in a multi-year supercycle.",YES,NO
2026-05-28,SpaceX ecosystem / Starship economics,8,"RKLB, LUNR, ASTS, RDW",RETAIL_PROXY,LONG,,NO_BASKET,,"The thesis centers on SpaceX, a private company, and the speaker himself acknowledges limited actionability in public markets with no pure-play public orbital compute company existing.",YES,NO
2026-05-28,TSMC capacity discipline,4,"NVDA, AVGO, MU",OBVIOUS_UNIVERSE,LONG,"TSM, ASML",BAKER_NAMED,LONG,"Baker describes TSMC's supply constraint and ASML's monopoly as durable and investable structural advantages, with high conviction that these bottlenecks make both companies essential and unassailable.",YES,NO
2026-06-07,AI bubble not happening,6,SMH,OBVIOUS_UNIVERSE,LONG,,NO_BASKET,,This is a broad macro-valuation warning on the entire technology sector without naming specific companies or a sufficiently narrow niche to resolve into a small ticker basket.,YES,NO
2026-06-07,DRAM / HBM memory bottleneck,14,MU,OBVIOUS_UNIVERSE,LONG,,NO_BASKET,,"Zipline is a private company with no publicly traded equity, so the bullish thesis cannot be acted on via public markets.",YES,NO
2026-06-07,Disaggregation prefill/decode,3,NVDA,OBVIOUS_UNIVERSE,LONG,ANET,BAKER_NAMED,LONG,"Baker explicitly names Arista Networks as a high-conviction position in the AI networking infrastructure supercycle, with the other named company being private and thus not tradeable.",YES,NO
2026-06-07,SpaceX ecosystem / Starship economics,9,"RKLB, LUNR, ASTS, RDW",RETAIL_PROXY,LONG,,NO_BASKET,,"The thesis is about private VC industry dynamics and private companies (SpaceX, Anthropic, OpenAI) with no public stocks to trade.",YES,NO
2026-06-11,AI capex ROI positive,8,"AMZN, MSFT, GOOGL, META",OBVIOUS_UNIVERSE,LONG,"AMZN, MSFT, GOOGL, META, EQIX, DLR, VST, CEG, GEV, ETN, PWR",OBVIOUS_UNIVERSE,LONG,"Baker explicitly endorses owning hyperscalers, power infrastructure, and data center operators as beneficiaries of rising AI compute monetization per gigawatt.",YES,NO
2026-06-11,DRAM / HBM memory bottleneck,15,MU,OBVIOUS_UNIVERSE,LONG,"NVDA, SMCI, ANET",BAKER_NAMED,LONG,"Baker expresses high conviction that the market is underestimating long-run compute infrastructure demand, with the explicit investment implication to be long GPU and datacenter capacity providers, and NVDA, SMCI, ANET are mentioned as companies in that space.",YES,NO
2026-06-11,Open source AI bullish for hardware,1,NVDA,OBVIOUS_UNIVERSE,LONG,"NVDA, AMD, AVGO, MRVL, ANET",OBVIOUS_UNIVERSE,LONG,"Baker argues open-source AI commoditization shifts spending toward compute infrastructure, making GPU, networking, and accelerator providers the clear beneficiaries — a small, obvious public universe of semiconductor and networking companies.",YES,NO
2026-06-11,Orbital / space-based compute,7,"RKLB, LUNR, ASTS, RDW",RETAIL_PROXY,LONG,,NO_BASKET,,"The core thesis is about SpaceX, a private company with no public stock; GOOGL is mentioned only as a customer, not as a bullish/bearish call.",YES,NO
2026-06-11,Power / watts as binding constraint,9,"VST, CEG",BAKER_NAMED,LONG,"MSFT, AMZN, GOOGL, META, EQIX, DLR, VST, CEG, TLN",OBVIOUS_UNIVERSE,LONG,"Explicitly endorses owning hyperscalers, power infrastructure, and data center operators benefiting from rising AI compute monetization rates per gigawatt.",YES,NO
2026-06-11,SpaceX ecosystem / Starship economics,10,"RKLB, LUNR, ASTS, RDW",RETAIL_PROXY,LONG,,NO_BASKET,,"SpaceX is a private company with no public stock to trade, and the bullish thesis is entirely centered on this private entity.",YES,NO
2026-06-12,Datacenter physical assets,1,"EQIX, DLR",OBVIOUS_UNIVERSE,LONG,,NO_BASKET,,"The primary beneficiary of his thesis (orbital compute/SpaceX) is private with no public pure-play, and his view on existing terrestrial data centers (EQIX, DLR) is neutral — they 'retain value' but don't capture the growth — which is neither clearly bullish nor bearish enough to act on.",YES,NO
2026-06-12,Neoclouds as durable model,4,"CRWV, NBIS",BAKER_NAMED,LONG,CRWV,OBVIOUS_UNIVERSE,LONG,"He expresses high conviction that the compute shortage supports pricing power for neoclouds and GPU cloud providers, with CRWV being the most prominent public neocloud mentioned.",YES,YES
2026-06-12,Orbital / space-based compute,8,SPCX,OBVIOUS_UNIVERSE,LONG,,NO_BASKET,,"The primary beneficiary identified is SpaceX, which is a private company with no public stock; SPXC (SPX Corporation) is unrelated and only incidentally mentioned.",YES,NO
2026-06-12,Power / watts as binding constraint,10,"VST, CEG",BAKER_NAMED,LONG,,NO_BASKET,,SpaceX is a private company with no public stock; SPXC (SPX Technologies) is unrelated to SpaceX and was likely an incidental/erroneous mention.,YES,NO
2026-06-12,SpaceX ecosystem / Starship economics,11,SPCX,OBVIOUS_UNIVERSE,LONG,,NO_BASKET,,"SpaceX is a private company with no public ticker; the bull case is entirely about a private entity, so there is no actionable public stock trade.",YES,NO
2026-06-15,CDN / token delivery path,1,"NET, FSLY, AKAM",BAKER_NAMED,LONG,"NET, FSLY, AKAM",BAKER_NAMED,SHORT,"Baker argues CDN stocks may be overpricing an AI token-path narrative not supported by actual token delivery volumes, implying bearish view on these names.",YES,NO
2026-06-15,China AI distillation / export controls,8,"ASML, LRCX, AMAT, KLAC",OBVIOUS_UNIVERSE,LONG,,NO_BASKET,,"The thesis centers on private companies (OpenAI, Anthropic, DeepSeek) with no directly actionable public equity trade identified.",YES,YES
2026-06-15,Datacenter physical assets,2,"EQIX, DLR",OBVIOUS_UNIVERSE,LONG,"META, AMZN, GOOGL, MSFT, EQIX, DLR",OBVIOUS_UNIVERSE,LONG,"Bullish on asset-heavy AI infrastructure companies (hyperscalers and data center REITs) arguing their installed physical assets are undervalued on EV/net PP&E, with the named companies being the obvious public universe for this thesis.",YES,NO
2026-06-15,Inference economics / token factories,2,CRWV,BAKER_NAMED,LONG,CRWV,OBVIOUS_UNIVERSE,LONG,"Baker is explicitly defending the neocloud business model as durable and sufficient, and CRWV (CoreWeave) is the most prominent public pure-play neocloud/token factory fitting his thesis.",YES,YES
2026-06-15,Meta AI transformation,3,META,BAKER_NAMED,LONG,,NO_BASKET,,"Baker explicitly frames Meta as a 'we'll see' situation with no high-conviction directional call, stopping short of a bullish or bearish recommendation.",YES,NO
2026-06-15,Optical networking / interconnect,12,"CIEN, COHR, LITE",BAKER_NAMED,LONG,CRWV,OBVIOUS_UNIVERSE,LONG,"Baker is explicitly defending the neocloud business model as durable and sufficient, and CRWV (CoreWeave) is the most prominent public pure-play neocloud/token factory fitting his thesis.",YES,NO
2026-06-15,Orbital / space-based compute,9,SPCX,OBVIOUS_UNIVERSE,LONG,,NO_BASKET,,"The thesis is centered on SpaceX, a private company with no public stock, and while neoclouds are mentioned as comparables, no specific public companies are named or clearly implied as actionable trades.",YES,NO
2026-06-15,Power / watts as binding constraint,11,"VST, CEG",BAKER_NAMED,LONG,,NO_BASKET,,"The thesis is centered on SpaceX, a private company with no public stock, and while neoclouds are mentioned as comparables, no specific public companies are named or clearly implied as actionable.",YES,NO
2026-06-15,SpaceX ecosystem / Starship economics,12,SPCX,OBVIOUS_UNIVERSE,LONG,,NO_BASKET,,"The thesis is centered on SpaceX, a private company with no public stock, and while neoclouds are mentioned as comparables, the specific beneficiaries are too ambiguous to pin down.",YES,NO
2026-06-27,China AI distillation / export controls,9,"ASML, LRCX, AMAT, KLAC",OBVIOUS_UNIVERSE,LONG,,NO_BASKET,,"The statement is a general observation about the narrowing US-China AI gap and challenges to US AI moats, but does not point to specific actionable companies or a sufficiently narrow sector to construct a trade.",YES,YES
2026-06-27,DRAM / HBM memory bottleneck,16,MU,OBVIOUS_UNIVERSE,LONG,MU,BAKER_NAMED,LONG,"Baker explicitly identifies DRAM as the critical AI bottleneck with high conviction, names Micron (MU) as the primary US-listed beneficiary among DRAM producers.",YES,NO
2026-06-27,Disaggregation prefill/decode,4,NVDA,OBVIOUS_UNIVERSE,LONG,CBRS,BAKER_NAMED,LONG,"Baker argues Cerebras becomes a critical infrastructure component for disaggregated inference, elevating it from niche player status, which is a clearly bullish thesis on CBRS as a public stock.",YES,NO
2026-06-27,Orbital / space-based compute,10,SPCX,OBVIOUS_UNIVERSE,LONG,,NO_BASKET,,"The thesis centers on SpaceX, a private company, with no clean public-equity exposure identified.",YES,NO
2026-06-27,SpaceX ecosystem / Starship economics,13,SPCX,OBVIOUS_UNIVERSE,LONG,,NO_BASKET,,"The thesis centers on SpaceX, a private company, with no clean public-equity exposure identified by the speaker.",YES,NO
2026-07-08,AI bubble not happening,7,SMH,OBVIOUS_UNIVERSE,LONG,"XLK, XLP",OBVIOUS_UNIVERSE,PAIR_TRADE,"Clear sector-level call that tech is undervalued relative to consumer staples, actionable as long tech (XLK) vs short staples (XLP) pair trade.",YES,NO
2026-07-08,AI world models for gaming,1,"SONY, NTDOY",BAKER_NAMED,LONG,"MSFT, SONY, NTDOY, RBLX, EA, TTWO, UBSFY",OBVIOUS_UNIVERSE,PAIR_TRADE,"Bullish on named platform holders (MSFT, SONY, NTDOY, RBLX) as beneficiaries of content abundance, bearish on AAA game studios (EA, TTWO, UBSFY) as the obvious public universe of incumbent developers facing margin compression from AI-driven cost deflation.",YES,NO
2026-07-08,Broad AI bullish / early innings,8,SMH,OBVIOUS_UNIVERSE,LONG,"NVDA, AMD, AVGO, TSM, MRVL, ARM",OBVIOUS_UNIVERSE,LONG,He expresses high-conviction structural bullishness on the semiconductor sector as a whole due to AI's permanently higher compute intensity; the mentioned companies are the obvious public universe of major AI-exposed semiconductor names.,YES,NO
2026-07-08,Edge AI as bear case for cloud,7,"AAPL, QCOM",CONSTRUCTED,MIXED,,NO_BASKET,,The view is a dismissal of a speculative disruption thesis rather than a bullish or bearish call on specific companies; the implicit support for on-device GPU vendors is too broad and defensive to constitute an actionable trade.,YES,NO
2026-07-08,Power / watts as binding constraint,12,"VST, CEG",BAKER_NAMED,LONG,,NO_BASKET,,"The thesis is a broad structural view on the entire AI infrastructure cycle being supply-constrained and durable, without pointing to specific companies or a narrow enough sector to resolve into a small basket of tickers.",YES,NO
2019-11-26,Metaverse / gaming as platform,1,"ATVI, EA, TTWO",BAKER_NAMED,LONG,"ATVI, EA, TTWO",BAKER_NAMED,LONG,"Baker argues markets systematically undervalue established gaming franchises by mispricing them as hit-driven rather than network-effect businesses, implying major franchise holders are structurally undervalued.",NO,YES
2020-04-02,SPAC structural analysis,1,,NO_BASKET,MIXED,,NO_BASKET,,WeWork was private at the time and Baker stops short of a specific trade; the bearish view on high-density co-working doesn't resolve to actionable public tickers.,NO,NO
2020-05-07,Metaverse / gaming as platform,3,"ATVI, EA, TTWO",BAKER_NAMED,LONG,"ATVI, EA, TTWO",BAKER_NAMED,LONG,"Baker explicitly argues that existing game IP owners and publishers are the clearest first-order Metaverse winners, naming ATVI, EA, and TTWO as public companies (EPIC is private and excluded).",NO,YES
2020-07-27,ASML / semcap equipment criticality,1,ASML,BAKER_NAMED,LONG,ASML,BAKER_NAMED,LONG,Baker explicitly argues ASML is the single most critical company in the semiconductor supply chain with a high-conviction long-term bullish view.,NO,NO
2020-07-27,Nvidia GPU moat / CUDA ecosystem,1,NVDA,BAKER_NAMED,LONG,NVDA,BAKER_NAMED,LONG,"Baker expresses high-conviction bullish view on Nvidia's durable competitive moat in AI training GPUs, making NVDA a clear long.",NO,NO
2020-11-15,Target / omnichannel retail,2,TGT,BAKER_NAMED,LONG,TGT,BAKER_NAMED,LONG,"Baker explicitly pitches Target (TGT) as his investment idea, arguing it is materially undervalued with high conviction.",NO,NO
2021-11-01,DISH / 5G bearish,1,"T, VZ, TMUS",OBVIOUS_UNIVERSE,SHORT,"T, VZ, TMUS",OBVIOUS_UNIVERSE,SHORT,"Baker is structurally bearish on incumbent mobile operators, arguing 5G is a cost treadmill compressing returns on invested capital with no offsetting revenue growth, and T, VZ, TMUS are the obvious public universe of US incumbent carriers.",NO,YES
2021-11-30,Crossover investing philosophy,1,,NO_BASKET,LONG,,NO_BASKET,,This is a macro view on market structure (crossover investing growth) rather than a actionable call on specific public companies or a narrow sector with identifiable public beneficiaries.,NO,NO
2021-11-30,Private market structural shift,1,,NO_BASKET,LONG,,NO_BASKET,,This is a macro view on market structure (crossover investing growth) rather than a bullish or bearish call on specific public companies or a narrow sector with identifiable public beneficiaries.,NO,NO
2022-03-25,Crossover investing philosophy,2,,NO_BASKET,LONG,,NO_BASKET,,This is a structural observation about private market valuation dynamics with no specific public equity beneficiaries or sector-level actionable thesis.,NO,NO
2022-03-25,Inflation macro framework,1,,NO_BASKET,MIXED,,NO_BASKET,,"This is a general macro view on supply chain inflation normalizing, without pointing to specific companies or a narrow sector that could be traded.",NO,NO
2022-04-08,Inflation macro framework,2,,NO_BASKET,MIXED,,NO_BASKET,,"This is a general macro opinion about inflation's importance, not a directional view on specific companies or sectors that could be acted on.",NO,NO
2024-01-30,xAI competitive position,1,,NO_BASKET,LONG,,NO_BASKET,,"The thesis is entirely about private companies (xAI and Twitter/X) with no direct US-listed equity exposure, as the summary itself notes.",NO,NO
2024-02-23,xAI competitive position,2,,NO_BASKET,LONG,,NO_BASKET,,"The thesis is about privately held xAI and X (Twitter), with no direct public equity play available.",NO,NO
2024-07-01,Humanoid robotics / Tesla Optimus,2,TSLA,BAKER_NAMED,LONG,TSLA,BAKER_NAMED,LONG,"Baker identifies Tesla as the most prominent company at the intersection of humanoid robots and FSD, both of which he argues will benefit from transformer-based LLM advances.",NO,NO
2024-07-01,Nvidia GPU moat / CUDA ecosystem,3,NVDA,BAKER_NAMED,LONG,NVDA,BAKER_NAMED,LONG,Baker expresses high-conviction bullish view on Nvidia based on its near-total dominance in AI training compute and structural moat from CUDA ecosystem.,NO,NO
2024-07-01,xAI competitive position,3,,NO_BASKET,LONG,,NO_BASKET,,"The primary thesis is about xAI, a private company with no public stock; META and GOOGL are mentioned only as incidental context, not as explicit or clear investment recommendations.",NO,NO
2024-08-07,Google TPU competitive position,1,GOOGL,BAKER_NAMED,LONG,GOOGL,BAKER_NAMED,LONG,Baker explicitly argues GOOGL is structurally undervalued as an enterprise AI platform due to TPU-enabled context caching advantages over GPU-based competitors.,NO,NO
2024-08-07,Humanoid robotics / Tesla Optimus,3,TSLA,BAKER_NAMED,LONG,TSLA,BAKER_NAMED,LONG,"Gracias expresses high conviction that Tesla's Optimus robot program is years ahead of competitors and is the leading path to AGI, which is a clearly bullish thesis on TSLA.",NO,NO
2024-08-07,xAI competitive position,4,,NO_BASKET,LONG,,NO_BASKET,,"The thesis is centered on xAI, a private company with no public stock, and the bearish implications for Google and Meta are incidental rather than actionable recommendations.",NO,NO
2024-08-27,Humanoid robotics / Tesla Optimus,4,TSLA,BAKER_NAMED,LONG,TSLA,BAKER_NAMED,LONG,"Baker identifies Tesla's Optimus as the clearest US-listed beneficiary of the humanoid robotics wave, citing structural advantages in batteries, actuators, motors, and proprietary datasets, with high conviction.",NO,NO
2024-08-27,Nvidia GPU moat / CUDA ecosystem,5,NVDA,BAKER_NAMED,LONG,NVDA,BAKER_NAMED,LONG,"Baker argues NVIDIA has a durable, defensible software moat via CUDA that AMD and others cannot close for years, which is a clearly bullish thesis on NVDA.",NO,NO
2024-08-27,xAI competitive position,5,,NO_BASKET,LONG,,NO_BASKET,,"xAI is private with no public stock, and the thesis does not clearly point to actionable public market beneficiaries.",NO,NO
2024-12-07,Coding as killer AI app,1,,NO_BASKET,LONG,,NO_BASKET,,"The statement explicitly notes no single US-listed pure-play is unambiguous enough to act on, and the bearish side (software companies with engineering moats) is too broad to resolve to specific tickers.",NO,NO
2024-12-07,Defense tech consolidation,1,,NO_BASKET,LONG,,NO_BASKET,,"The thesis centers on private companies (Anduril, Shield AI) with no public tickers, and is bearish on legacy primes only in a general strategic sense without naming specific companies to short.",NO,NO
2024-12-07,MSTR / Bitcoin strategy risk,1,MSTR,BAKER_NAMED,SHORT,MSTR,BAKER_NAMED,SHORT,"Baker argues MSTR's debt-funded Bitcoin strategy is structurally flawed and will break down at scale, expressing a high-conviction bearish view on the company.",NO,NO
2024-12-07,Microsoft AI position,1,,NO_BASKET,SHORT,,NO_BASKET,,"The primary beneficiary (xAI) is privately held with no public stock, and the MSFT mention is incidental context rather than a core bearish thesis to act on.",NO,YES
2024-12-07,xAI competitive position,6,,NO_BASKET,LONG,,NO_BASKET,,"Primary thesis is about xAI/Grok 3 which is a private company; the NVDA mention is a secondary historical observation about past demand, not a forward-looking investment thesis.",NO,NO
2025-01-04,Tesla / EV / FSD,2,TSLA,BAKER_NAMED,LONG,TSLA,BAKER_NAMED,LONG,"Baker is clearly bullish on Tesla, arguing FSD adoption will accelerate in 2025 driving both hardware sales and high-margin software revenue.",NO,NO
2025-01-28,AI capex ROI positive,3,"AMZN, MSFT, GOOGL, META",OBVIOUS_UNIVERSE,LONG,"META, GOOGL, MSFT, AMZN",OBVIOUS_UNIVERSE,LONG,"Bullish on application-layer software and internet platforms as primary beneficiaries of falling AI inference costs in 2025, with the named companies being the obvious large-cap public representatives of that thesis.",NO,NO
2025-01-28,Humanoid robotics / Tesla Optimus,5,TSLA,BAKER_NAMED,LONG,TSLA,BAKER_NAMED,LONG,"Baker specifically predicts owning a Tesla Optimus robot by 2026 and frames humanoid robotics as a productivity revolution, making Tesla the clear named beneficiary of his bullish thesis.",NO,NO
2025-01-28,xAI competitive position,7,,NO_BASKET,LONG,,NO_BASKET,,"The thesis centers on xAI, which is a private company with no public equity ticker, so the view cannot be acted on in public markets.",NO,NO
2025-10-22,Broad AI bullish / early innings,6,SMH,OBVIOUS_UNIVERSE,LONG,SMH,OBVIOUS_UNIVERSE,LONG,"Clear high-conviction bullish call on the semiconductor sector broadly, arguing AI structurally increases silicon intensity of GDP; SMH is the obvious liquid proxy for a sector-level long on public semiconductors.",NO,NO
2025-10-22,China AI distillation / export controls,5,"ASML, LRCX, AMAT, KLAC",OBVIOUS_UNIVERSE,LONG,"ASML, AMAT, KLAC, LRCX",OBVIOUS_UNIVERSE,LONG,"He argues export controls have durably extended Western semiconductor equipment companies' moats and pricing power with no credible Chinese competitive threat, which is a clear bullish thesis on the dominant equipment makers he mentioned.",NO,YES
2025-10-22,Intel recovery / foundry failure,3,INTC,BAKER_NAMED,LONG,INTC,BAKER_NAMED,LONG,"Baker is clearly bullish on Intel, arguing it has a credible recovery path under new leadership, government support, and a geopolitical premium that makes its foundry ambitions potentially very valuable.",NO,NO
2025-10-22,Nvidia GPU moat / CUDA ecosystem,6,NVDA,BAKER_NAMED,LONG,NVDA,BAKER_NAMED,LONG,"Baker expresses high conviction that Nvidia's dominant position is durable and extremely difficult to displace, constituting a clear bullish view on NVDA.",NO,NO
2025-10-22,Reasoning / inference-time compute,4,GOOGL,BAKER_NAMED,LONG,GOOGL,BAKER_NAMED,LONG,"He explicitly names Google DeepMind as a primary beneficiary of the reasoning-model data flywheel oligopoly; the other three named beneficiaries (OpenAI, Anthropic, XAI) are private, making GOOGL the only directly actionable public equity.",NO,YES
2025-10-30,Humanoid robotics / Tesla Optimus,7,TSLA,BAKER_NAMED,LONG,TSLA,BAKER_NAMED,LONG,"Baker explicitly identifies Tesla as the primary Western-listed humanoid robotics play and states a long position in it, with moderate conviction.",NO,NO
2025-12-09,Anthropic valuation / efficiency,1,,NO_BASKET,LONG,,NO_BASKET,,"The primary thesis is about Anthropic (private), and while GOOGL and AMZN are mentioned as infrastructure enablers, the framing is incidental to explaining Anthropic's cost advantage rather than a direct bullish call on those stocks.",NO,NO
2025-12-09,Google TPU competitive position,3,GOOGL,BAKER_NAMED,LONG,GOOGL,BAKER_NAMED,LONG,"Baker argues Google has a profound, underappreciated cost advantage via TPU vertical integration that could reshape competitive positioning, which is a clearly bullish thesis on GOOGL.",NO,NO
2026-02-24,Anthropic valuation / efficiency,2,,NO_BASKET,LONG,,NO_BASKET,,"The thesis is about Anthropic, a private company with no public stock, and no actionable public equity play is implied.",NO,NO
2026-02-24,Humanoid robotics / Tesla Optimus,8,TSLA,BAKER_NAMED,LONG,TSLA,BAKER_NAMED,LONG,"Baker explicitly identifies Tesla as the primary US-listed pure-play on humanoid robotics with high conviction, citing structural AI and data advantages.",NO,NO
2026-02-24,Stranded / behind-the-meter power,1,CRSO,BAKER_NAMED,LONG,CRSO,BAKER_NAMED,LONG,"Crusoe Energy is specifically cited as executing the stranded-power-for-AI strategy that the speaker frames as an underappreciated near-term opportunity, making it a clear bullish implication even if stated with moderate conviction.",NO,NO
2026-02-24,xAI competitive position,10,,NO_BASKET,LONG,,NO_BASKET,,"The thesis is about xAI, a private company with no public stock, and no public beneficiaries or competitors are named or clearly implied.",NO,NO
2026-03-02,Crossover investing philosophy,3,,NO_BASKET,LONG,,NO_BASKET,,"The statement is about investor positioning and analytical framework (crossover investing advantage), not a directional view on any specific company or sector.",NO,NO
2026-05-12,Coding as killer AI app,2,,NO_BASKET,LONG,,NO_BASKET,,"This is a broad thematic view that coding/code generation is the killer app for AI and a path to AGI, without pointing to specific companies or a narrow enough sector to resolve into tradeable tickers.",NO,NO
2026-05-12,Trainium / Amazon custom silicon,2,AMZN,BAKER_NAMED,LONG,AMZN,BAKER_NAMED,LONG,"Baker explicitly argues AMZN is undervalued due to Trainium's unpriced margin expansion potential in AWS, a high-conviction bullish view.",NO,NO
2026-05-12,Usage-based AI pricing shift,1,,NO_BASKET,LONG,,NO_BASKET,,"The direct revenue beneficiaries (OpenAI and Anthropic) are private companies with no public tickers, and the broader 'AI compute and infrastructure stack' is too diffuse to resolve to a small obvious basket.",NO,NO
2026-05-20,ALAB / copper vs fiber,1,ALAB,BAKER_NAMED,LONG,ALAB,BAKER_NAMED,LONG,"Baker explicitly identifies ALAB as a high-conviction long, arguing it is miscategorized and mispriced as a 'copper loser' when it structurally benefits from both copper and optical connectivity.",NO,NO
2026-05-20,Anthropic valuation / efficiency,3,,NO_BASKET,LONG,,NO_BASKET,,"His bullish thesis centers on Anthropic (private) and broad AI demand; the SaaS disruption risk for PLTR/SNOW is an implied framing rather than a stated conviction, and 'AI positions' is too broad to resolve to specific tickers.",NO,NO
2026-05-20,Frontier model concentration,3,,NO_BASKET,LONG,,NO_BASKET,,"The three named beneficiaries (Anthropic, OpenAI, xAI) are all private companies with no directly actionable US-listed equity plays.",NO,NO
2026-05-20,Meta AI transformation,2,META,BAKER_NAMED,LONG,META,BAKER_NAMED,LONG,Baker explicitly argues META is a compelling medium-term holding due to its improving AI competitive position and trajectory.,NO,NO
2026-05-20,Microsoft AI position,2,,NO_BASKET,SHORT,,NO_BASKET,,"The view on MSFT is explicitly nuanced and ambiguous — he credits Satya's strategy but flags significant execution risk, and his conviction is only moderate, making it not a clear directional call to act on.",NO,YES
2026-05-20,Trainium / Amazon custom silicon,3,AMZN,BAKER_NAMED,LONG,AMZN,BAKER_NAMED,LONG,"Baker is clearly bullish on Amazon with multiple underappreciated catalysts including Trainium, robotics P&L improvements, and Nova models.",NO,NO
2026-05-20,Usage-based AI pricing shift,2,,NO_BASKET,LONG,,NO_BASKET,,"The thesis centers on OpenAI and Anthropic, both privately held companies with no public stock, and the read-through to public AI infrastructure is too broad and ambiguous to resolve to a specific basket.",NO,NO
2026-05-22,Anthropic valuation / efficiency,4,,NO_BASKET,LONG,,NO_BASKET,,"The thesis is about a private company (Anthropic) validating AI ROI broadly, which is too diffuse to pin to specific public equities.",NO,NO
2026-05-22,Nvidia GPU moat / CUDA ecosystem,7,NVDA,BAKER_NAMED,LONG,NVDA,BAKER_NAMED,LONG,"Baker argues a policy shift to allow depreciated GPU sales to China would open incremental revenue for Nvidia and preserve US ecosystem dominance, which is modestly bullish for NVDA.",NO,NO
2026-05-22,xAI competitive position,11,,NO_BASKET,LONG,,NO_BASKET,,"The thesis is bullish on xAI, which is a private company with no public stock, and does not imply a clear bullish or bearish view on any publicly traded company or sector.",NO,NO
2026-05-28,ALAB / copper vs fiber,2,ALAB,BAKER_NAMED,LONG,ALAB,BAKER_NAMED,LONG,"Baker explicitly identifies ALAB as his second-largest portfolio position at 7.4% with high conviction, viewing it as the dominant pure-play on AI cluster connectivity infrastructure.",NO,NO
2026-05-28,Unity / world models,1,U,BAKER_NAMED,LONG,U,BAKER_NAMED,LONG,"Baker explicitly holds Unity as his third-largest position and argues it is mispriced, making this a clear bullish view on U.",NO,NO
2026-06-07,AI networking (Ethernet/InfiniBand),3,ANET,BAKER_NAMED,LONG,ANET,BAKER_NAMED,LONG,"Baker explicitly names Arista Networks as a high-conviction position in the AI networking infrastructure supercycle, with the other company (Drivets) being private and not tradeable.",NO,NO
2026-06-07,Private market structural shift,2,,NO_BASKET,LONG,,NO_BASKET,,"The thesis concerns structural changes in private secondary markets; no specific public companies are named as beneficiaries, and the universe of platforms/intermediaries is too ambiguous to resolve to a clear small basket.",NO,NO
2026-06-07,SPAC structural analysis,2,,NO_BASKET,MIXED,,NO_BASKET,,"The thesis is about private VC industry dynamics and private companies (SpaceX, Anthropic, OpenAI) with no public stocks to trade.",NO,NO
2026-06-11,Bottleneck trade ending,1,,NO_BASKET,SHORT,,NO_BASKET,,"While he is clearly bearish on semiconductor 'bottleneck plays,' the specific stocks comprising that theme are unnamed and too broad/ambiguous to resolve into a defined basket; NVDA and AVGO are mentioned only as illustrative context, not as specific short targets.",NO,YES
2026-06-11,Coding as killer AI app,3,,NO_BASKET,LONG,,NO_BASKET,,"The named beneficiaries (Anthropic, xAI, Cursor, Replit) are all private companies with no public stock, so the thesis is not directly actionable in public markets.",NO,NO
2026-06-11,Frontier model concentration,4,,NO_BASKET,LONG,,NO_BASKET,,"The primary beneficiaries (Anthropic, OpenAI) are private companies; public proxies like GOOGL and META are mentioned only as distant proxies without a clear actionable bullish/bearish call.",NO,NO
2026-06-11,Nvidia GPU moat / CUDA ecosystem,8,NVDA,BAKER_NAMED,LONG,NVDA,BAKER_NAMED,LONG,"Baker explicitly argues Nvidia's pricing power is durable and structurally justified due to tokens-per-watt superiority in power-constrained datacenters, a clearly bullish thesis on NVDA.",NO,NO
2026-06-11,xAI competitive position,12,,NO_BASKET,LONG,,NO_BASKET,,"The thesis centers on xAI and SpaceX, both private companies with no publicly traded stock, so there is no actionable public equity trade.",NO,NO
2026-06-12,SPAC structural analysis,3,,NO_BASKET,MIXED,,NO_BASKET,,"The thesis centers on SpaceX, which is privately held, and the speaker explicitly notes limited direct public-market expression of this thesis.",NO,NO
2026-06-15,Bottleneck trade ending,2,,NO_BASKET,SHORT,,NO_BASKET,,"The thesis is bearish on 'bottleneck plays' as a category but does not name specific companies, and the universe of AI supply-chain bottleneck stocks is too broad and ambiguous to resolve into a specific basket.",NO,YES
2026-06-15,Sovereign AI,1,,NO_BASKET,LONG,,NO_BASKET,,"While bullish on open-source model providers and regional data center operators, no specific companies are named and the beneficiary universe is too broad and ambiguous to resolve to specific tickers.",NO,NO
2026-06-27,Anthropic valuation / efficiency,5,,NO_BASKET,LONG,,NO_BASKET,,"The thesis is about Anthropic, a private company with no publicly traded pure-play equivalent, so there is no actionable public market trade.",NO,NO
2026-06-27,Datacenter physical assets,3,"EQIX, DLR",OBVIOUS_UNIVERSE,LONG,"EQIX, DLR",OBVIOUS_UNIVERSE,LONG,"The thesis that permitted terrestrial data center capacity becomes scarce and extremely valuable clearly benefits established data center REITs with existing operational capacity, and EQIX and DLR are the dominant public pure-play data center REITs.",NO,NO
