date,theme,event_type,confidence,mention_number,total_theme_mentions,source,summary,tickers_named,resolved_basket,basket_source,basket_direction,basket_asterisk,ret_1m,ret_1q,ret_1y,ret_2y,smh_1m,smh_1q,smh_1y,smh_2y,excess_1m,excess_1q,excess_1y,excess_2y
2020-05-07,Metaverse / gaming as platform,FIRST_MENTION_AND_HC,high_conviction,1,2,"Columbia SIMA — COVID-19 market impact, technology investing, video games, venture capital",Video games are social networks and will be the foundational platform layer for the personal Metaverse,,"RBLX, EA, TTWO",CONSTRUCTED,LONG,False,3.5,31.76,27.16,-5.9,14.25,28.7,84.09,76.77,-10.75,3.06,-56.93,-82.67
2020-05-07,Power / watts as binding constraint,FIRST_MENTION,moderate,1,6,"Columbia SIMA — COVID-19 market impact, technology investing, video games, venture capital","Edge computing will proliferate into retail stores and restaurants, driven by AI-powered in-store experiences requiring local compute that cannot be served from the cloud due to latency constraints",AMZN,"VST, CEG",BAKER_NAMED,LONG,False,22.56,5.61,-7.91,57.61,14.25,28.7,84.09,76.77,8.31,-23.09,-92.0,-19.16
2020-05-07,Power / watts as binding constraint,FIRST_MENTION_WITH_TICKERS,moderate,1,6,"Columbia SIMA — COVID-19 market impact, technology investing, video games, venture capital","Edge computing will proliferate into retail stores and restaurants, driven by AI-powered in-store experiences requiring local compute that cannot be served from the cloud due to latency constraints",AMZN,"VST, CEG",BAKER_NAMED,LONG,False,22.56,5.61,-7.91,57.61,14.25,28.7,84.09,76.77,8.31,-23.09,-92.0,-19.16
2020-07-27,ASML / semcap equipment criticality,FIRST_MENTION_AND_HC,high_conviction,1,2,Koyfin Investing Wizards — AI tailwind for semiconductors,ASML is the single most critical company in the semiconductor supply chain; continued EUV progress is essential to sustaining Moore's Law and all downstream AI compute scaling,"ASML, INTC, TSM",ASML,BAKER_NAMED,LONG,False,-0.25,-0.84,96.62,45.4,5.12,10.92,53.26,41.8,-5.37,-11.76,43.36,3.6
2020-07-27,ASML / semcap equipment criticality,FIRST_MENTION_WITH_TICKERS,high_conviction,1,2,Koyfin Investing Wizards — AI tailwind for semiconductors,ASML is the single most critical company in the semiconductor supply chain; continued EUV progress is essential to sustaining Moore's Law and all downstream AI compute scaling,"ASML, INTC, TSM",ASML,BAKER_NAMED,LONG,False,-0.25,-0.84,96.62,45.4,5.12,10.92,53.26,41.8,-5.37,-11.76,43.36,3.6
2020-07-27,Broad AI bullish / early innings,FIRST_MENTION_AND_HC,high_conviction,1,7,Koyfin Investing Wizards — AI tailwind for semiconductors,"AI has dramatically higher semiconductor intensity than human-written software, driving a multi-decade structural demand uplift for the entire semiconductor industry","NVDA, INTC, AMD, XLNX, MU, ASML, LRCX, TSM",SMH,OBVIOUS_UNIVERSE,LONG,False,5.12,10.92,53.26,41.8,5.12,10.92,53.26,41.8,0.0,0.0,0.0,0.0
2020-07-27,Broad AI bullish / early innings,FIRST_MENTION_WITH_TICKERS,high_conviction,1,7,Koyfin Investing Wizards — AI tailwind for semiconductors,"AI has dramatically higher semiconductor intensity than human-written software, driving a multi-decade structural demand uplift for the entire semiconductor industry","NVDA, INTC, AMD, XLNX, MU, ASML, LRCX, TSM",SMH,OBVIOUS_UNIVERSE,LONG,False,5.12,10.92,53.26,41.8,5.12,10.92,53.26,41.8,0.0,0.0,0.0,0.0
2020-07-27,Broad AI bullish / early innings,FIRST_SMID_TICKER,high_conviction,1,7,Koyfin Investing Wizards — AI tailwind for semiconductors,"AI has dramatically higher semiconductor intensity than human-written software, driving a multi-decade structural demand uplift for the entire semiconductor industry","NVDA, INTC, AMD, XLNX, MU, ASML, LRCX, TSM",SMH,OBVIOUS_UNIVERSE,LONG,False,5.12,10.92,53.26,41.8,5.12,10.92,53.26,41.8,0.0,0.0,0.0,0.0
2020-07-27,DRAM / HBM memory bottleneck,FIRST_MENTION_AND_HC,high_conviction,1,11,Koyfin Investing Wizards — AI tailwind for semiconductors,"AI has dramatically higher semiconductor intensity than human-written software, driving a multi-decade structural demand uplift for the entire semiconductor industry","NVDA, INTC, AMD, XLNX, MU, ASML, LRCX, TSM",MU,OBVIOUS_UNIVERSE,LONG,False,-12.58,2.44,43.86,20.66,5.12,10.92,53.26,41.8,-17.7,-8.47,-9.39,-21.14
2020-07-27,DRAM / HBM memory bottleneck,FIRST_MENTION_WITH_TICKERS,high_conviction,1,11,Koyfin Investing Wizards — AI tailwind for semiconductors,"AI has dramatically higher semiconductor intensity than human-written software, driving a multi-decade structural demand uplift for the entire semiconductor industry","NVDA, INTC, AMD, XLNX, MU, ASML, LRCX, TSM",MU,OBVIOUS_UNIVERSE,LONG,False,-12.58,2.44,43.86,20.66,5.12,10.92,53.26,41.8,-17.7,-8.47,-9.39,-21.14
2020-07-27,DRAM / HBM memory bottleneck,FIRST_SMID_TICKER,high_conviction,1,11,Koyfin Investing Wizards — AI tailwind for semiconductors,"AI has dramatically higher semiconductor intensity than human-written software, driving a multi-decade structural demand uplift for the entire semiconductor industry","NVDA, INTC, AMD, XLNX, MU, ASML, LRCX, TSM",MU,OBVIOUS_UNIVERSE,LONG,False,-12.58,2.44,43.86,20.66,5.12,10.92,53.26,41.8,-17.7,-8.47,-9.39,-21.14
2020-07-27,Intel recovery / foundry failure,FIRST_MENTION_AND_HC,high_conviction,1,2,Koyfin Investing Wizards — AI tailwind for semiconductors,Intel faces a structural competitive crisis having lost its 50-year manufacturing lead due to the EUV bet and process execution failures; recovery depends on 10nm server CPU execution in late 2020,"INTC, AMD, TSM, ASML",INTC,BAKER_NAMED,LONG,False,0.39,-2.1,10.13,-14.36,5.12,10.92,53.26,41.8,-4.72,-13.02,-43.13,-56.16
2020-07-27,Intel recovery / foundry failure,FIRST_MENTION_WITH_TICKERS,high_conviction,1,2,Koyfin Investing Wizards — AI tailwind for semiconductors,Intel faces a structural competitive crisis having lost its 50-year manufacturing lead due to the EUV bet and process execution failures; recovery depends on 10nm server CPU execution in late 2020,"INTC, AMD, TSM, ASML",INTC,BAKER_NAMED,LONG,False,0.39,-2.1,10.13,-14.36,5.12,10.92,53.26,41.8,-4.72,-13.02,-43.13,-56.16
2020-07-27,Intel recovery / foundry failure,THESIS_REVERSAL,high_conviction,1,2,Koyfin Investing Wizards — AI tailwind for semiconductors,Intel faces a structural competitive crisis having lost its 50-year manufacturing lead due to the EUV bet and process execution failures; recovery depends on 10nm server CPU execution in late 2020,"INTC, AMD, TSM, ASML",INTC,BAKER_NAMED,LONG,False,0.39,-2.1,10.13,-14.36,5.12,10.92,53.26,41.8,-4.72,-13.02,-43.13,-56.16
2020-07-27,Nvidia GPU moat / CUDA ecosystem,FIRST_MENTION_AND_HC,high_conviction,1,5,Koyfin Investing Wizards — AI tailwind for semiconductors,"Nvidia holds a durable leadership position in AI training GPUs, protected by CUDA software ecosystem and the historical pattern of digital processor market incumbents never being unseated","NVDA, INTC, AMD",NVDA,BAKER_NAMED,LONG,False,22.34,30.45,84.53,71.02,5.12,10.92,53.26,41.8,17.23,19.53,31.27,29.22
2020-07-27,Nvidia GPU moat / CUDA ecosystem,FIRST_MENTION_WITH_TICKERS,high_conviction,1,5,Koyfin Investing Wizards — AI tailwind for semiconductors,"Nvidia holds a durable leadership position in AI training GPUs, protected by CUDA software ecosystem and the historical pattern of digital processor market incumbents never being unseated","NVDA, INTC, AMD",NVDA,BAKER_NAMED,LONG,False,22.34,30.45,84.53,71.02,5.12,10.92,53.26,41.8,17.23,19.53,31.27,29.22
2020-11-15,Target / omnichannel retail,FIRST_MENTION_AND_HC,high_conviction,1,2,Sohn Australia 2020 — Omnichannel / tech,Target is among the fastest-growing e-commerce companies in North America and is materially undervalued by consensus,TGT,TGT,BAKER_NAMED,LONG,False,4.37,16.77,64.16,-2.16,8.05,24.04,52.05,9.15,-3.68,-7.27,12.11,-11.31
2020-11-15,Target / omnichannel retail,FIRST_MENTION_WITH_TICKERS,high_conviction,1,2,Sohn Australia 2020 — Omnichannel / tech,Target is among the fastest-growing e-commerce companies in North America and is materially undervalued by consensus,TGT,TGT,BAKER_NAMED,LONG,False,4.37,16.77,64.16,-2.16,8.05,24.04,52.05,9.15,-3.68,-7.27,12.11,-11.31
2020-11-15,Target / omnichannel retail,FIRST_SMID_TICKER,high_conviction,1,2,Sohn Australia 2020 — Omnichannel / tech,Target is among the fastest-growing e-commerce companies in North America and is materially undervalued by consensus,TGT,TGT,BAKER_NAMED,LONG,False,4.37,16.77,64.16,-2.16,8.05,24.04,52.05,9.15,-3.68,-7.27,12.11,-11.31
2020-11-15,Target / omnichannel retail,HC_HIGH_PROFILE_VENUE,high_conviction,1,2,Sohn Australia 2020 — Omnichannel / tech,Target is among the fastest-growing e-commerce companies in North America and is materially undervalued by consensus,TGT,TGT,BAKER_NAMED,LONG,False,4.37,16.77,64.16,-2.16,8.05,24.04,52.05,9.15,-3.68,-7.27,12.11,-11.31
2021-11-01,DISH / 5G bearish,FIRST_MENTION_AND_HC,high_conviction,1,2,"Graham & Doddsville (Columbia Business School) — Investor interview with Gavin Baker, CIO of Atreides Management (Issue 43, Fall 2021)",5G is not a meaningful enabler of new use cases and represents a cost treadmill for incumbents,,DISH,BAKER_NAMED,LONG,False,-27.85,-25.06,-64.43,-87.67,9.77,0.46,-30.79,7.34,-37.62,-25.52,-33.64,-95.01
2021-11-01,DISH / 5G bearish,FIRST_MENTION_WITH_TICKERS,high_conviction,1,2,"Graham & Doddsville (Columbia Business School) — Investor interview with Gavin Baker, CIO of Atreides Management (Issue 43, Fall 2021)",Dish Network is an interesting investment due to structural telecom pricing dynamics favoring new entrants,DISH,DISH,BAKER_NAMED,LONG,False,-27.85,-25.06,-64.43,-87.67,9.77,0.46,-30.79,7.34,-37.62,-25.52,-33.64,-95.01
2021-11-01,DISH / 5G bearish,FIRST_SMID_TICKER,high_conviction,1,2,"Graham & Doddsville (Columbia Business School) — Investor interview with Gavin Baker, CIO of Atreides Management (Issue 43, Fall 2021)",Dish Network is an interesting investment due to structural telecom pricing dynamics favoring new entrants,DISH,DISH,BAKER_NAMED,LONG,False,-27.85,-25.06,-64.43,-87.67,9.77,0.46,-30.79,7.34,-37.62,-25.52,-33.64,-95.01
2021-11-01,SpaceX ecosystem / Starship economics,FIRST_MENTION,moderate,1,9,"Graham & Doddsville (Columbia Business School) — Investor interview with Gavin Baker, CIO of Atreides Management (Issue 43, Fall 2021)",Starlink is a significant disruptor to leveraged telecom and broadband companies globally,,"RKLB, SPCE, RDW",RETAIL_PROXY,LONG,True,-17.9,-46.8,-72.63,-79.03,9.77,0.46,-30.79,7.34,-27.67,-47.27,-41.84,-86.38
2021-11-30,AI bubble not happening,FIRST_MENTION_AND_HC,high_conviction,1,5,"VS Partners / Financial Times Global Seattle Symposium — Global technology investment: hype, hope, reality",SaaS companies have fundamentally better business models than dot-com era companies — current valuations are not bubble-like,,SMH,OBVIOUS_UNIVERSE,LONG,False,2.16,-11.57,-24.91,7.47,2.16,-11.57,-24.91,7.47,0.0,0.0,0.0,0.0
2021-11-30,ASML / semcap equipment criticality,FIRST_SMID_TICKER,high_conviction,2,2,"VS Partners / Financial Times Global Seattle Symposium — Global technology investment: hype, hope, reality",Leading-edge semiconductor manufacturing is a critical geopolitical chokepoint — only 5 countries can do it,"ASML, LRCX, KLAC, AMAT",ASML,BAKER_NAMED,LONG,False,1.1,-17.2,-22.22,-10.59,2.16,-11.57,-24.91,7.47,-1.06,-5.63,2.69,-18.06
2021-11-30,Crossover investing philosophy,FIRST_MENTION_AND_HC,high_conviction,1,3,"VS Partners / Financial Times Global Seattle Symposium — Global technology investment: hype, hope, reality",Crossover investing (public + private) is the future of tech investing — will grow from 3-4% to 50%+ of private unicorn market cap,,,NO_BASKET,LONG,False,NO_BASKET,NO_BASKET,NO_BASKET,NO_BASKET,2.16,-11.57,-24.91,7.47,NO_BASKET,NO_BASKET,NO_BASKET,NO_BASKET
2021-11-30,Private market structural shift,FIRST_MENTION_AND_HC,high_conviction,1,2,"VS Partners / Financial Times Global Seattle Symposium — Global technology investment: hype, hope, reality",Crossover investing (public + private) is the future of tech investing — will grow from 3-4% to 50%+ of private unicorn market cap,,,NO_BASKET,LONG,False,NO_BASKET,NO_BASKET,NO_BASKET,NO_BASKET,2.16,-11.57,-24.91,7.47,NO_BASKET,NO_BASKET,NO_BASKET,NO_BASKET
2021-11-30,Scaling laws intact,FIRST_MENTION_AND_HC,high_conviction,1,5,"VS Partners / Financial Times Global Seattle Symposium — Global technology investment: hype, hope, reality",AI-driven scaling laws will dramatically increase semiconductor intensity of the global economy,,SMH,OBVIOUS_UNIVERSE,LONG,False,2.16,-11.57,-24.91,7.47,2.16,-11.57,-24.91,7.47,0.0,0.0,0.0,0.0
2021-11-30,SpaceX ecosystem / Starship economics,FIRST_HC_NOT_FIRST_MENTION,high_conviction,2,9,"VS Partners / Financial Times Global Seattle Symposium — Global technology investment: hype, hope, reality",SpaceX / Starlink is the only investable space company — dramatically lower launch costs will reshape the world,,"RKLB, SPCE, RDW",RETAIL_PROXY,LONG,True,-20.95,-40.5,-72.62,-75.72,2.16,-11.57,-24.91,7.47,-23.11,-28.93,-47.71,-83.19
2021-11-30,Tesla / EV / FSD,FIRST_MENTION_AND_HC,high_conviction,1,2,"VS Partners / Financial Times Global Seattle Symposium — Global technology investment: hype, hope, reality","EV SPACs are worthless — no hope of competing against Tesla, Chinese EV leaders, or legacy OEM incumbents",,TSLA,BAKER_NAMED,LONG,False,-6.5,-23.14,-48.98,-37.41,2.16,-11.57,-24.91,7.47,-8.66,-11.57,-24.07,-44.88
2021-11-30,Tesla / EV / FSD,FIRST_MENTION_WITH_TICKERS,high_conviction,1,2,"VS Partners / Financial Times Global Seattle Symposium — Global technology investment: hype, hope, reality",Tesla is the dominant global EV incumbent — one of the best companies in the world led by possibly the best CEO,TSLA,TSLA,BAKER_NAMED,LONG,False,-6.5,-23.14,-48.98,-37.41,2.16,-11.57,-24.91,7.47,-8.66,-11.57,-24.07,-44.88
2022-03-25,Inflation macro framework,FIRST_MENTION_AND_HC,high_conviction,1,2,On The Tape / RiskReversal — Fear is the market killer,Supply chain-driven inflation is largely over; capitalism solves these problems quickly,,,NO_BASKET,MIXED,False,NO_BASKET,NO_BASKET,NO_BASKET,NO_BASKET,-16.97,-21.75,-8.2,66.29,NO_BASKET,NO_BASKET,NO_BASKET,NO_BASKET
2023-06-19,Optical networking / interconnect,FIRST_MENTION,moderate,1,8,"This Week in Startups — AI platform shift, Nvidia outlook, extinction risk",Solar and battery storage compounding will solve climate change structurally; fossil fuels will phase out as photovoltaic efficiency compounds ~8%/year and battery efficiency ~6%/year.,,"CIEN, COHR, LITE",BAKER_NAMED,LONG,False,-10.66,-18.34,5.17,60.1,0.09,-4.46,77.01,79.53,-10.74,-13.88,-71.84,-19.43
2023-06-19,SaaS existential disruption,FIRST_MENTION_AND_HC,high_conviction,1,5,"This Week in Startups — AI platform shift, Nvidia outlook, extinction risk",Foundation Models as a Service (FMaaS) will replace Software as a Service (SaaS) — LLMs will consolidate the software stack the way the iPhone consolidated hardware devices.,,"CRM, NOW, TEAM, SNOW",CONSTRUCTED,SHORT,False,-1.74,-1.93,-0.78,-35.72,0.09,-4.46,77.01,79.53,-1.83,2.53,-77.79,-115.25
2024-01-15,AI bubble not happening,HC_HIGH_PROFILE_VENUE,high_conviction,3,5,iConnections Global Alts 2024 — Markets panel,"Power and wafer shortages will prevent an AI overbuild, enabling a smoother and longer AI investment cycle",,SMH,OBVIOUS_UNIVERSE,LONG,False,15.71,24.74,44.23,123.87,15.71,24.74,44.23,123.87,0.0,0.0,0.0,0.0
2024-01-15,Anthropic valuation / efficiency,FIRST_MENTION_AND_HC,high_conviction,1,4,iConnections Global Alts 2024 — Markets panel,Anthropic is ~4x more capital efficient than OpenAI and growing fast with low cash burn,,,NO_BASKET,LONG,False,NO_BASKET,NO_BASKET,NO_BASKET,NO_BASKET,15.71,24.74,44.23,123.87,NO_BASKET,NO_BASKET,NO_BASKET,NO_BASKET
2024-01-15,Anthropic valuation / efficiency,HC_HIGH_PROFILE_VENUE,high_conviction,1,4,iConnections Global Alts 2024 — Markets panel,Anthropic is ~4x more capital efficient than OpenAI and growing fast with low cash burn,,,NO_BASKET,LONG,False,NO_BASKET,NO_BASKET,NO_BASKET,NO_BASKET,15.71,24.74,44.23,123.87,NO_BASKET,NO_BASKET,NO_BASKET,NO_BASKET
2024-01-15,Humanoid robotics / Tesla Optimus,FIRST_MENTION_AND_HC,high_conviction,1,4,iConnections Global Alts 2024 — Markets panel,Humanoid robots will decisively win over specialized robots; Tesla vs. Chinese competitors is the key battle,TSLA,TSLA,BAKER_NAMED,LONG,False,-14.19,-28.56,88.18,90.65,15.71,24.74,44.23,123.87,-29.9,-53.29,43.95,-33.22
2024-01-15,Humanoid robotics / Tesla Optimus,FIRST_MENTION_WITH_TICKERS,high_conviction,1,4,iConnections Global Alts 2024 — Markets panel,Humanoid robots will decisively win over specialized robots; Tesla vs. Chinese competitors is the key battle,TSLA,TSLA,BAKER_NAMED,LONG,False,-14.19,-28.56,88.18,90.65,15.71,24.74,44.23,123.87,-29.9,-53.29,43.95,-33.22
2024-01-15,Humanoid robotics / Tesla Optimus,HC_HIGH_PROFILE_VENUE,high_conviction,1,4,iConnections Global Alts 2024 — Markets panel,Humanoid robots will decisively win over specialized robots; Tesla vs. Chinese competitors is the key battle,TSLA,TSLA,BAKER_NAMED,LONG,False,-14.19,-28.56,88.18,90.65,15.71,24.74,44.23,123.87,-29.9,-53.29,43.95,-33.22
2024-01-15,Optical networking / interconnect,FIRST_HC_NOT_FIRST_MENTION,high_conviction,2,8,iConnections Global Alts 2024 — Markets panel,Anthropic is ~4x more capital efficient than OpenAI and growing fast with low cash burn,,"CIEN, COHR, LITE",BAKER_NAMED,LONG,False,14.98,-3.75,82.57,427.67,15.71,24.74,44.23,123.87,-0.73,-28.48,38.35,303.8
2024-01-15,Optical networking / interconnect,FIRST_MENTION_WITH_TICKERS,moderate,2,8,iConnections Global Alts 2024 — Markets panel,"Tesla's Autopilot AI is the most token-efficient AI in the world, running superhuman tasks at near-human power consumption",TSLA,"CIEN, COHR, LITE",BAKER_NAMED,LONG,False,14.98,-3.75,82.57,427.67,15.71,24.74,44.23,123.87,-0.73,-28.48,38.35,303.8
2024-01-15,Optical networking / interconnect,HC_HIGH_PROFILE_VENUE,high_conviction,2,8,iConnections Global Alts 2024 — Markets panel,Anthropic is ~4x more capital efficient than OpenAI and growing fast with low cash burn,,"CIEN, COHR, LITE",BAKER_NAMED,LONG,False,14.98,-3.75,82.57,427.67,15.71,24.74,44.23,123.87,-0.73,-28.48,38.35,303.8
2024-01-15,Orbital / space-based compute,FIRST_MENTION,moderate,1,8,iConnections Global Alts 2024 — Markets panel,Space-based compute (racks in space connected by laser) is a viable and strategically important architecture,,"RKLB, LUNR, ASTS, RDW",RETAIL_PROXY,LONG,True,19.53,10.55,466.82,1332.24,15.71,24.74,44.23,123.87,3.82,-14.19,422.59,1208.37
2024-01-15,SaaS existential disruption,FIRST_MENTION_WITH_TICKERS,high_conviction,2,5,iConnections Global Alts 2024 — Markets panel,SaaS/software companies face existential risk from AI-enabled vibe coding and autonomous software development,HUBS,"CRM, NOW, TEAM, SNOW",CONSTRUCTED,SHORT,False,-7.88,8.38,-14.92,18.08,15.71,24.74,44.23,123.87,-23.59,-16.36,-59.15,-105.79
2024-01-15,SaaS existential disruption,FIRST_SMID_TICKER,high_conviction,2,5,iConnections Global Alts 2024 — Markets panel,SaaS/software companies face existential risk from AI-enabled vibe coding and autonomous software development,HUBS,"CRM, NOW, TEAM, SNOW",CONSTRUCTED,SHORT,False,-7.88,8.38,-14.92,18.08,15.71,24.74,44.23,123.87,-23.59,-16.36,-59.15,-105.79
2024-01-15,SaaS existential disruption,HC_HIGH_PROFILE_VENUE,high_conviction,2,5,iConnections Global Alts 2024 — Markets panel,SaaS/software companies face existential risk from AI-enabled vibe coding and autonomous software development,HUBS,"CRM, NOW, TEAM, SNOW",CONSTRUCTED,SHORT,False,-7.88,8.38,-14.92,18.08,15.71,24.74,44.23,123.87,-23.59,-16.36,-59.15,-105.79
2024-01-15,xAI competitive position,FIRST_MENTION,moderate,1,7,iConnections Global Alts 2024 — Markets panel,xAI has the lowest cost-per-token due to superior data center construction and GPU utilization,,,NO_BASKET,LONG,False,NO_BASKET,NO_BASKET,NO_BASKET,NO_BASKET,15.71,24.74,44.23,123.87,NO_BASKET,NO_BASKET,NO_BASKET,NO_BASKET
2024-02-14,China AI distillation / export controls,FIRST_MENTION_AND_HC,high_conviction,1,6,"Invested by Aleph — Semiconductors, AI, global warming, geopolitics",US semiconductor export controls on China are working and have extended the Western lead to potentially multi-decade,NVDA,NVDA,OBVIOUS_UNIVERSE,MIXED,False,18.86,28.06,88.69,154.4,7.15,15.05,26.59,103.3,11.71,13.01,62.1,51.11
2024-02-14,China AI distillation / export controls,FIRST_MENTION_WITH_TICKERS,high_conviction,1,6,"Invested by Aleph — Semiconductors, AI, global warming, geopolitics",US semiconductor export controls on China are working and have extended the Western lead to potentially multi-decade,NVDA,NVDA,OBVIOUS_UNIVERSE,MIXED,False,18.86,28.06,88.69,154.4,7.15,15.05,26.59,103.3,11.71,13.01,62.1,51.11
2024-02-14,Edge AI as bear case for cloud,FIRST_MENTION,moderate,1,2,"Invested by Aleph — Semiconductors, AI, global warming, geopolitics",Edge AI / on-device AI is a meaningful risk to the centralized data center boom,,"AAPL, QCOM",CONSTRUCTED,MIXED,False,1.45,15.11,24.2,19.23,7.15,15.05,26.59,103.3,-5.7,0.06,-2.39,-84.06
2024-02-14,Reasoning / inference-time compute,FIRST_MENTION_AND_HC,high_conviction,1,5,"Invested by Aleph — Semiconductors, AI, global warming, geopolitics",Scaled foundation model companies are dramatically better investments post-reasoning models due to emergence of data flywheel,,"NVDA, AMD",OBVIOUS_UNIVERSE,LONG,False,12.89,8.7,26.32,84.1,7.15,15.05,26.59,103.3,5.74,-6.35,-0.27,-19.19
2024-02-14,SpaceX ecosystem / Starship economics,THESIS_REVERSAL,high_conviction,3,9,"Invested by Aleph — Semiconductors, AI, global warming, geopolitics","SpaceX is the highest risk-adjusted return (Sharpe ratio) asset available in any market, public or private",,"RKLB, LUNR, ASTS, RDW",RETAIL_PROXY,LONG,True,0.49,8.12,574.76,1112.2,7.15,15.05,26.59,103.3,-6.66,-6.93,548.18,1008.9
2024-02-14,xAI competitive position,FIRST_HC_NOT_FIRST_MENTION,high_conviction,2,7,"Invested by Aleph — Semiconductors, AI, global warming, geopolitics","XAI and Google have the most unique data among frontier labs, giving them structural training advantages",,,NO_BASKET,LONG,False,NO_BASKET,NO_BASKET,NO_BASKET,NO_BASKET,7.15,15.05,26.59,103.3,NO_BASKET,NO_BASKET,NO_BASKET,NO_BASKET
2024-06-15,AI bubble not happening,THESIS_REVERSAL,high_conviction,4,5,All-In Podcast — Secondary markets,"Current technology valuations (public and private) are fully valued to stretched — not a bubble like 1999/2000, but more analogous to 2021, with risk of 10-20% public market correction translating to 30-40% drawdowns in high-beta names.",,SMH,OBVIOUS_UNIVERSE,LONG,False,-6.22,-14.22,-4.06,130.02,-6.22,-14.22,-4.06,130.02,0.0,0.0,0.0,0.0
2024-06-15,AI networking (Ethernet/InfiniBand),FIRST_MENTION_AND_HC,high_conviction,1,2,All-In Podcast — Secondary markets,Arista Networks and Drivetrain (Driveats/Drivets) are high-conviction positions in the AI networking infrastructure supercycle thesis — reinventing networking for disaggregated AI inference workloads.,ANET,ANET,BAKER_NAMED,LONG,False,-2.19,6.14,1.45,90.78,-6.22,-14.22,-4.06,130.02,4.03,20.36,5.5,-39.24
2024-06-15,AI networking (Ethernet/InfiniBand),FIRST_MENTION_WITH_TICKERS,high_conviction,1,2,All-In Podcast — Secondary markets,Arista Networks and Drivetrain (Driveats/Drivets) are high-conviction positions in the AI networking infrastructure supercycle thesis — reinventing networking for disaggregated AI inference workloads.,ANET,ANET,BAKER_NAMED,LONG,False,-2.19,6.14,1.45,90.78,-6.22,-14.22,-4.06,130.02,4.03,20.36,5.5,-39.24
2024-06-15,AI networking (Ethernet/InfiniBand),FIRST_SMID_TICKER,high_conviction,1,2,All-In Podcast — Secondary markets,Arista Networks and Drivetrain (Driveats/Drivets) are high-conviction positions in the AI networking infrastructure supercycle thesis — reinventing networking for disaggregated AI inference workloads.,ANET,ANET,BAKER_NAMED,LONG,False,-2.19,6.14,1.45,90.78,-6.22,-14.22,-4.06,130.02,4.03,20.36,5.5,-39.24
2024-06-15,Disaggregation prefill/decode,FIRST_MENTION_AND_HC,high_conviction,1,2,"All-In Podcast — DRAM bottleneck, AI infrastructure, Chinese open source models","Disaggregation of inference into prefill and decode phases will extend the useful life of older Nvidia GPUs (H100s, A100s) by 7-12 years",,NVDA,OBVIOUS_UNIVERSE,LONG,False,-7.55,-11.74,9.86,52.98,-6.22,-14.22,-4.06,130.02,-1.33,2.48,13.92,-77.04
2024-06-15,Disaggregation prefill/decode,FIRST_MENTION_WITH_TICKERS,high_conviction,1,2,All-In Podcast — Secondary markets,Arista Networks and Drivetrain (Driveats/Drivets) are high-conviction positions in the AI networking infrastructure supercycle thesis — reinventing networking for disaggregated AI inference workloads.,ANET,NVDA,OBVIOUS_UNIVERSE,LONG,False,-7.55,-11.74,9.86,52.98,-6.22,-14.22,-4.06,130.02,-1.33,2.48,13.92,-77.04
2024-06-15,Disaggregation prefill/decode,FIRST_SMID_TICKER,high_conviction,1,2,All-In Podcast — Secondary markets,Arista Networks and Drivetrain (Driveats/Drivets) are high-conviction positions in the AI networking infrastructure supercycle thesis — reinventing networking for disaggregated AI inference workloads.,ANET,NVDA,OBVIOUS_UNIVERSE,LONG,False,-7.55,-11.74,9.86,52.98,-6.22,-14.22,-4.06,130.02,-1.33,2.48,13.92,-77.04
2024-06-15,Google TPU competitive position,FIRST_MENTION,moderate,1,4,"All-In Podcast — DRAM bottleneck, AI infrastructure, Chinese open source models","Chinese AI models (GLM 5.2) have achieved near-frontier capability through distillation of US model outputs, challenging the assumption of a durable US lead",,GOOGL,BAKER_NAMED,LONG,False,0.25,-9.99,-5.53,96.79,-6.22,-14.22,-4.06,130.02,6.47,4.23,-1.47,-33.22
2024-06-15,SPAC structural analysis,FIRST_MENTION_AND_HC,high_conviction,1,1,All-In Podcast — Secondary markets,"Venture firms without material exposure to trillion-dollar-plus private companies (SpaceX, Anthropic, OpenAI) face serious franchise risk and are engaging in undisciplined 'call option' behavior to compensate.",,,NO_BASKET,MIXED,False,NO_BASKET,NO_BASKET,NO_BASKET,NO_BASKET,-6.22,-14.22,-4.06,130.02,NO_BASKET,NO_BASKET,NO_BASKET,NO_BASKET
2024-06-15,SpaceX ecosystem / Starship economics,THESIS_REVERSAL,high_conviction,4,9,All-In Podcast — Secondary markets,"Venture firms without material exposure to trillion-dollar-plus private companies (SpaceX, Anthropic, OpenAI) face serious franchise risk and are engaging in undisciplined 'call option' behavior to compensate.",,"RKLB, LUNR, ASTS, RDW",RETAIL_PROXY,LONG,True,13.54,63.5,306.04,794.79,-6.22,-14.22,-4.06,130.02,19.76,77.72,310.1,664.77
2024-07-01,Frontier model concentration,FIRST_MENTION_AND_HC,high_conviction,1,3,"Thematic Investors — Blending sci-fi, history and literature","Only four foundation model companies have a realistic chance of winning: Google, Meta, xAI, and OpenAI/Microsoft — all others will fail or be acquired at preference",,,NO_BASKET,LONG,False,NO_BASKET,NO_BASKET,NO_BASKET,INSUFFICIENT_DATA,-5.37,-5.96,9.14,INSUFFICIENT_DATA,NO_BASKET,NO_BASKET,NO_BASKET,INSUFFICIENT_DATA
2024-07-01,Humanoid robotics / Tesla Optimus,THIRD_MENTION_WITHIN_1YR,moderate,3,4,"Thematic Investors — Blending sci-fi, history and literature",Humanoid robots will revolutionize blue-collar work once LLM reasoning capabilities are embedded,,TSLA,BAKER_NAMED,LONG,False,10.58,24.67,50.27,INSUFFICIENT_DATA,-5.37,-5.96,9.14,INSUFFICIENT_DATA,15.95,30.63,41.12,INSUFFICIENT_DATA
2024-07-01,Power / watts as binding constraint,FIRST_HC_NOT_FIRST_MENTION,high_conviction,2,6,"Thematic Investors — Blending sci-fi, history and literature",Power availability is the binding constraint on AI data center scaling; only three viable gigawatt-scale sites exist in the US,,"VST, CEG",BAKER_NAMED,LONG,False,-8.37,31.54,87.36,INSUFFICIENT_DATA,-5.37,-5.96,9.14,INSUFFICIENT_DATA,-3.0,37.51,78.22,INSUFFICIENT_DATA
2024-07-01,xAI competitive position,THIRD_MENTION_WITHIN_1YR,moderate,3,7,"Thematic Investors — Blending sci-fi, history and literature","xAI is the most compelling private AI company due to unique data (X/Twitter), compute, and distribution",,,NO_BASKET,LONG,False,NO_BASKET,NO_BASKET,NO_BASKET,INSUFFICIENT_DATA,-5.37,-5.96,9.14,INSUFFICIENT_DATA,NO_BASKET,NO_BASKET,NO_BASKET,INSUFFICIENT_DATA
2024-12-07,AI capex ROI positive,FIRST_MENTION_AND_HC,high_conviction,1,4,"All-In Podcast — Trump transition, SEC/crypto regulation, xAI Colossus, AI scaling laws, MicroStrategy, defense tech",Hyperscaler ROI on AI capex has been strongly positive to date (ROIC went vertical post-GPU ramp) but the sustainability at $100B+ training costs is the key open question,,"AMZN, MSFT, GOOGL, META",OBVIOUS_UNIVERSE,LONG,False,0.18,-9.97,24.15,INSUFFICIENT_DATA,0.9,-10.38,51.39,INSUFFICIENT_DATA,-0.71,0.41,-27.24,INSUFFICIENT_DATA
2024-12-07,China AI distillation / export controls,THIRD_MENTION_WITHIN_1YR,moderate,3,6,"All-In Podcast — Trump transition, SEC/crypto regulation, xAI Colossus, AI scaling laws, MicroStrategy, defense tech","US chip export restrictions on China are functioning as a 'sophon' (Three Body Problem reference) — a meaningful handicap — but necessity-driven Chinese innovation is keeping them just behind the frontier, a risk that may close when Blackwell ships","NVDA, AMD",NVDA,OBVIOUS_UNIVERSE,MIXED,False,-2.09,-16.73,30.38,INSUFFICIENT_DATA,0.9,-10.38,51.39,INSUFFICIENT_DATA,-2.99,-6.35,-21.01,INSUFFICIENT_DATA
2024-12-07,Coding as killer AI app,FIRST_MENTION_AND_HC,high_conviction,1,3,"All-In Podcast — Trump transition, SEC/crypto regulation, xAI Colossus, AI scaling laws, MicroStrategy, defense tech","Human language will become the dominant programming language within the next year, fundamentally restructuring the software industry",,,NO_BASKET,LONG,False,NO_BASKET,NO_BASKET,NO_BASKET,INSUFFICIENT_DATA,0.9,-10.38,51.39,INSUFFICIENT_DATA,NO_BASKET,NO_BASKET,NO_BASKET,INSUFFICIENT_DATA
2024-12-07,Defense tech consolidation,FIRST_MENTION,moderate,1,1,"All-In Podcast — Trump transition, SEC/crypto regulation, xAI Colossus, AI scaling laws, MicroStrategy, defense tech",Defense tech will consolidate into 7-10 new prime contractors; Anduril and Shield AI (Seric) are likely among them — these will be massive winners,,,NO_BASKET,LONG,False,NO_BASKET,NO_BASKET,NO_BASKET,INSUFFICIENT_DATA,0.9,-10.38,51.39,INSUFFICIENT_DATA,NO_BASKET,NO_BASKET,NO_BASKET,INSUFFICIENT_DATA
2024-12-07,MSTR / Bitcoin strategy risk,FIRST_MENTION_AND_HC,high_conviction,1,1,"All-In Podcast — Trump transition, SEC/crypto regulation, xAI Colossus, AI scaling laws, MicroStrategy, defense tech",MicroStrategy's debt-funded Bitcoin accumulation strategy has a structural ceiling and will break down at scale,MSTR,MSTR,BAKER_NAMED,SHORT,False,10.25,27.94,49.83,INSUFFICIENT_DATA,0.9,-10.38,51.39,INSUFFICIENT_DATA,9.35,38.32,-1.57,INSUFFICIENT_DATA
2024-12-07,MSTR / Bitcoin strategy risk,FIRST_MENTION_WITH_TICKERS,high_conviction,1,1,"All-In Podcast — Trump transition, SEC/crypto regulation, xAI Colossus, AI scaling laws, MicroStrategy, defense tech",MicroStrategy's debt-funded Bitcoin accumulation strategy has a structural ceiling and will break down at scale,MSTR,MSTR,BAKER_NAMED,SHORT,False,10.25,27.94,49.83,INSUFFICIENT_DATA,0.9,-10.38,51.39,INSUFFICIENT_DATA,9.35,38.32,-1.57,INSUFFICIENT_DATA
2024-12-07,MSTR / Bitcoin strategy risk,FIRST_SMID_TICKER,high_conviction,1,1,"All-In Podcast — Trump transition, SEC/crypto regulation, xAI Colossus, AI scaling laws, MicroStrategy, defense tech",MicroStrategy's debt-funded Bitcoin accumulation strategy has a structural ceiling and will break down at scale,MSTR,MSTR,BAKER_NAMED,SHORT,False,10.25,27.94,49.83,INSUFFICIENT_DATA,0.9,-10.38,51.39,INSUFFICIENT_DATA,9.35,38.32,-1.57,INSUFFICIENT_DATA
2024-12-07,Microsoft AI position,FIRST_MENTION,moderate,1,2,"All-In Podcast — Trump transition, SEC/crypto regulation, xAI Colossus, AI scaling laws, MicroStrategy, defense tech",Open AI has lost significant talent and Microsoft's largest cluster is still smaller than xAI's Colossus — xAI is positioned to take the frontier model lead,MSFT,MSFT,BAKER_NAMED,MIXED,False,-6.07,-14.91,9.2,INSUFFICIENT_DATA,0.9,-10.38,51.39,INSUFFICIENT_DATA,-6.97,-4.53,-42.2,INSUFFICIENT_DATA
2024-12-07,Microsoft AI position,FIRST_MENTION_WITH_TICKERS,moderate,1,2,"All-In Podcast — Trump transition, SEC/crypto regulation, xAI Colossus, AI scaling laws, MicroStrategy, defense tech",Open AI has lost significant talent and Microsoft's largest cluster is still smaller than xAI's Colossus — xAI is positioned to take the frontier model lead,MSFT,MSFT,BAKER_NAMED,MIXED,False,-6.07,-14.91,9.2,INSUFFICIENT_DATA,0.9,-10.38,51.39,INSUFFICIENT_DATA,-6.97,-4.53,-42.2,INSUFFICIENT_DATA
2024-12-07,Nuclear / clean energy for AI,FIRST_MENTION_AND_HC,high_conviction,1,1,"All-In Podcast — Trump transition, SEC/crypto regulation, xAI Colossus, AI scaling laws, MicroStrategy, defense tech",Nuclear energy is the best near-term solution for US electricity capacity expansion; solar is the long-term winner but 50 years away from dominance,,"CCJ, VST, CEG",CONSTRUCTED,LONG,False,8.48,-19.99,47.97,INSUFFICIENT_DATA,0.9,-10.38,51.39,INSUFFICIENT_DATA,7.59,-9.6,-3.43,INSUFFICIENT_DATA
2024-12-07,Scaling laws intact,FIRST_MENTION_WITH_TICKERS,high_conviction,3,5,"All-In Podcast — Trump transition, SEC/crypto regulation, xAI Colossus, AI scaling laws, MicroStrategy, defense tech","xAI's Colossus supercomputer (100,000+ coherent H100s) is the first real test of AI scaling laws since GPT-4 and Grok 3 should take the frontier model lead in Jan/Feb 2025 if scaling laws hold",NVDA,SMH,OBVIOUS_UNIVERSE,LONG,False,0.9,-10.38,51.39,INSUFFICIENT_DATA,0.9,-10.38,51.39,INSUFFICIENT_DATA,0.0,0.0,0.0,INSUFFICIENT_DATA
2024-12-07,xAI competitive position,FIRST_MENTION_WITH_TICKERS,moderate,4,7,"All-In Podcast — Trump transition, SEC/crypto regulation, xAI Colossus, AI scaling laws, MicroStrategy, defense tech","Nvidia was saved from a difficult 6-month period (Blackwell delay) by Elon's Colossus build, which caused competitors to rush-buy H100 Hoppers",NVDA,,NO_BASKET,LONG,False,NO_BASKET,NO_BASKET,NO_BASKET,INSUFFICIENT_DATA,0.9,-10.38,51.39,INSUFFICIENT_DATA,NO_BASKET,NO_BASKET,NO_BASKET,INSUFFICIENT_DATA
2024-12-07,xAI competitive position,THESIS_REVERSAL,moderate,4,7,"All-In Podcast — Trump transition, SEC/crypto regulation, xAI Colossus, AI scaling laws, MicroStrategy, defense tech",Open AI has lost significant talent and Microsoft's largest cluster is still smaller than xAI's Colossus — xAI is positioned to take the frontier model lead,MSFT,,NO_BASKET,LONG,False,NO_BASKET,NO_BASKET,NO_BASKET,INSUFFICIENT_DATA,0.9,-10.38,51.39,INSUFFICIENT_DATA,NO_BASKET,NO_BASKET,NO_BASKET,INSUFFICIENT_DATA
2025-01-04,Reasoning / inference-time compute,THIRD_MENTION_WITHIN_1YR,high_conviction,3,5,All-In Podcast — 2025 predictions (bestie guest Gavin Baker),Inference compute and test-time compute will cause a second GPU/accelerator shortage in 2025 analogous to 2023,,"NVDA, AMD",OBVIOUS_UNIVERSE,LONG,False,-14.43,-37.59,40.93,INSUFFICIENT_DATA,-4.57,-30.85,46.09,INSUFFICIENT_DATA,-9.86,-6.74,-5.16,INSUFFICIENT_DATA
2025-05-28,DRAM / HBM memory bottleneck,HC_HIGH_PROFILE_VENUE,high_conviction,7,11,HedgeFundAlpha (writeup) — SK Hynix / HBM pitch,"AI's shift from training to inference is driving rapid and accelerating growth in memory demand, particularly HBM.",000660.KS,MU,OBVIOUS_UNIVERSE,LONG,False,29.72,22.54,911.98,INSUFFICIENT_DATA,14.88,22.82,147.89,INSUFFICIENT_DATA,14.84,-0.28,764.09,INSUFFICIENT_DATA
2025-05-28,Reasoning / inference-time compute,FIRST_MENTION_WITH_TICKERS,high_conviction,4,5,HedgeFundAlpha (writeup) — SK Hynix / HBM pitch,Reasoning models (advanced inference-time compute scaling) are a structural catalyst for HBM demand growth beyond what consensus expects.,000660.KS,"NVDA, AMD",OBVIOUS_UNIVERSE,LONG,False,22.22,41.4,206.97,INSUFFICIENT_DATA,14.88,22.82,147.89,INSUFFICIENT_DATA,7.35,18.58,59.08,INSUFFICIENT_DATA
2025-05-28,Reasoning / inference-time compute,FIRST_SMID_TICKER,high_conviction,4,5,HedgeFundAlpha (writeup) — SK Hynix / HBM pitch,Reasoning models (advanced inference-time compute scaling) are a structural catalyst for HBM demand growth beyond what consensus expects.,000660.KS,"NVDA, AMD",OBVIOUS_UNIVERSE,LONG,False,22.22,41.4,206.97,INSUFFICIENT_DATA,14.88,22.82,147.89,INSUFFICIENT_DATA,7.35,18.58,59.08,INSUFFICIENT_DATA
2025-05-28,Reasoning / inference-time compute,HC_HIGH_PROFILE_VENUE,high_conviction,4,5,HedgeFundAlpha (writeup) — SK Hynix / HBM pitch,Reasoning models (advanced inference-time compute scaling) are a structural catalyst for HBM demand growth beyond what consensus expects.,000660.KS,"NVDA, AMD",OBVIOUS_UNIVERSE,LONG,False,22.22,41.4,206.97,INSUFFICIENT_DATA,14.88,22.82,147.89,INSUFFICIENT_DATA,7.35,18.58,59.08,INSUFFICIENT_DATA
2025-10-30,AI bubble not happening,FIRST_MENTION_WITH_TICKERS,high_conviction,5,5,a16z Podcast — Is there an AI bubble?,No AI bubble today — GPU utilization vs. dark fiber is the key contrast to 2000,"NVDA, CSCO",SMH,OBVIOUS_UNIVERSE,LONG,False,-2.96,12.51,INSUFFICIENT_DATA,INSUFFICIENT_DATA,-2.96,12.51,INSUFFICIENT_DATA,INSUFFICIENT_DATA,0.0,0.0,INSUFFICIENT_DATA,INSUFFICIENT_DATA
2025-10-30,AI bubble not happening,FIRST_SMID_TICKER,high_conviction,5,5,a16z Podcast — Is there an AI bubble?,No AI bubble today — GPU utilization vs. dark fiber is the key contrast to 2000,"NVDA, CSCO",SMH,OBVIOUS_UNIVERSE,LONG,False,-2.96,12.51,INSUFFICIENT_DATA,INSUFFICIENT_DATA,-2.96,12.51,INSUFFICIENT_DATA,INSUFFICIENT_DATA,0.0,0.0,INSUFFICIENT_DATA,INSUFFICIENT_DATA
2025-10-30,AI capex ROI positive,FIRST_MENTION_WITH_TICKERS,high_conviction,2,4,a16z Podcast — Is there an AI bubble?,Hyperscaler capex ROI has been strongly positive; debate is whether it continues with Blackwell ramp,NVDA,"AMZN, MSFT, GOOGL, META",OBVIOUS_UNIVERSE,LONG,False,1.43,4.49,INSUFFICIENT_DATA,INSUFFICIENT_DATA,-2.96,12.51,INSUFFICIENT_DATA,INSUFFICIENT_DATA,4.39,-8.02,INSUFFICIENT_DATA,INSUFFICIENT_DATA
2025-10-30,Custom ASIC failure thesis,FIRST_MENTION_AND_HC,high_conviction,1,2,a16z Podcast — Is there an AI bubble?,Most custom ASIC programs will fail within 3 years; Google TPU external sales could be the catalyst,"AVGO, AMD, NVDA, GOOGL, META","GOOGL, AMZN",BAKER_NAMED,LONG,False,8.41,15.6,INSUFFICIENT_DATA,INSUFFICIENT_DATA,-2.96,12.51,INSUFFICIENT_DATA,INSUFFICIENT_DATA,11.37,3.09,INSUFFICIENT_DATA,INSUFFICIENT_DATA
2025-10-30,Custom ASIC failure thesis,FIRST_MENTION_WITH_TICKERS,high_conviction,1,2,a16z Podcast — Is there an AI bubble?,Most custom ASIC programs will fail within 3 years; Google TPU external sales could be the catalyst,"AVGO, AMD, NVDA, GOOGL, META","GOOGL, AMZN",BAKER_NAMED,LONG,False,8.41,15.6,INSUFFICIENT_DATA,INSUFFICIENT_DATA,-2.96,12.51,INSUFFICIENT_DATA,INSUFFICIENT_DATA,11.37,3.09,INSUFFICIENT_DATA,INSUFFICIENT_DATA
2025-10-30,Google TPU competitive position,FIRST_HC_NOT_FIRST_MENTION,high_conviction,2,4,a16z Podcast — Is there an AI bubble?,Nvidia's roundtripping investments in AI labs are strategically rational competitive responses to Google's TPU ecosystem,"NVDA, GOOGL, AVGO",GOOGL,BAKER_NAMED,LONG,False,11.87,22.18,INSUFFICIENT_DATA,INSUFFICIENT_DATA,-2.96,12.51,INSUFFICIENT_DATA,INSUFFICIENT_DATA,14.83,9.67,INSUFFICIENT_DATA,INSUFFICIENT_DATA
2025-10-30,Google TPU competitive position,FIRST_MENTION_WITH_TICKERS,high_conviction,2,4,a16z Podcast — Is there an AI bubble?,Nvidia's roundtripping investments in AI labs are strategically rational competitive responses to Google's TPU ecosystem,"NVDA, GOOGL, AVGO",GOOGL,BAKER_NAMED,LONG,False,11.87,22.18,INSUFFICIENT_DATA,INSUFFICIENT_DATA,-2.96,12.51,INSUFFICIENT_DATA,INSUFFICIENT_DATA,14.83,9.67,INSUFFICIENT_DATA,INSUFFICIENT_DATA
2025-11-15,Bottleneck trade ending,FIRST_MENTION_AND_HC,high_conviction,1,2,"TBPN — Token factories, sovereign AI",The 'bottleneck trade' in AI supply chain is nearing its end; the next game is identifying companies with enduring franchise value,,SMH,OBVIOUS_UNIVERSE,SHORT,False,0.31,-20.92,INSUFFICIENT_DATA,INSUFFICIENT_DATA,-0.31,20.92,INSUFFICIENT_DATA,INSUFFICIENT_DATA,0.62,-41.83,INSUFFICIENT_DATA,INSUFFICIENT_DATA
2025-11-15,Inference economics / token factories,FIRST_MENTION_AND_HC,high_conviction,1,2,"TBPN — Token factories, sovereign AI",Being a 'token factory' is sufficient as a business model for the next 5-10 years; the world needs more token factories,,CRWV,OBVIOUS_UNIVERSE,LONG,False,-14.31,28.95,INSUFFICIENT_DATA,INSUFFICIENT_DATA,-0.31,20.92,INSUFFICIENT_DATA,INSUFFICIENT_DATA,-14.0,8.04,INSUFFICIENT_DATA,INSUFFICIENT_DATA
2025-11-15,Meta AI transformation,FIRST_MENTION,moderate,1,2,"TBPN — Token factories, sovereign AI",Meta's EV/net PP&E multiple reflects extreme market skepticism about monetizing its asset base; outcome uncertain but Zuckerberg has proven ability to pivot,META,META,BAKER_NAMED,LONG,False,7.98,7.19,INSUFFICIENT_DATA,INSUFFICIENT_DATA,-0.31,20.92,INSUFFICIENT_DATA,INSUFFICIENT_DATA,8.29,-13.72,INSUFFICIENT_DATA,INSUFFICIENT_DATA
2025-11-15,Meta AI transformation,FIRST_MENTION_WITH_TICKERS,moderate,1,2,"TBPN — Token factories, sovereign AI",Meta's EV/net PP&E multiple reflects extreme market skepticism about monetizing its asset base; outcome uncertain but Zuckerberg has proven ability to pivot,META,META,BAKER_NAMED,LONG,False,7.98,7.19,INSUFFICIENT_DATA,INSUFFICIENT_DATA,-0.31,20.92,INSUFFICIENT_DATA,INSUFFICIENT_DATA,8.29,-13.72,INSUFFICIENT_DATA,INSUFFICIENT_DATA
2025-11-15,Orbital / space-based compute,FIRST_HC_NOT_FIRST_MENTION,high_conviction,3,8,"TBPN — Token factories, sovereign AI","SpaceX near-term value is driven by terrestrial compute gigawatt ramp and Grok/cursor adoption, not long-duration space optionality",SPCE,"RKLB, LUNR, ASTS, RDW",RETAIL_PROXY,LONG,True,17.14,73.76,INSUFFICIENT_DATA,INSUFFICIENT_DATA,-0.31,20.92,INSUFFICIENT_DATA,INSUFFICIENT_DATA,17.45,52.85,INSUFFICIENT_DATA,INSUFFICIENT_DATA
2025-11-15,Orbital / space-based compute,FIRST_MENTION_WITH_TICKERS,high_conviction,3,8,"TBPN — Token factories, sovereign AI","SpaceX near-term value is driven by terrestrial compute gigawatt ramp and Grok/cursor adoption, not long-duration space optionality",SPCE,"RKLB, LUNR, ASTS, RDW",RETAIL_PROXY,LONG,True,17.14,73.76,INSUFFICIENT_DATA,INSUFFICIENT_DATA,-0.31,20.92,INSUFFICIENT_DATA,INSUFFICIENT_DATA,17.45,52.85,INSUFFICIENT_DATA,INSUFFICIENT_DATA
2025-11-15,Orbital / space-based compute,FIRST_SMID_TICKER,high_conviction,3,8,"TBPN — Token factories, sovereign AI","SpaceX near-term value is driven by terrestrial compute gigawatt ramp and Grok/cursor adoption, not long-duration space optionality",SPCE,"RKLB, LUNR, ASTS, RDW",RETAIL_PROXY,LONG,True,17.14,73.76,INSUFFICIENT_DATA,INSUFFICIENT_DATA,-0.31,20.92,INSUFFICIENT_DATA,INSUFFICIENT_DATA,17.45,52.85,INSUFFICIENT_DATA,INSUFFICIENT_DATA
2025-11-15,Power / watts as binding constraint,FIRST_SMID_TICKER,high_conviction,3,6,"TBPN — Token factories, sovereign AI","SpaceX near-term value is driven by terrestrial compute gigawatt ramp and Grok/cursor adoption, not long-duration space optionality",SPCE,"VST, CEG",BAKER_NAMED,LONG,False,-3.95,-7.59,INSUFFICIENT_DATA,INSUFFICIENT_DATA,-0.31,20.92,INSUFFICIENT_DATA,INSUFFICIENT_DATA,-3.64,-28.5,INSUFFICIENT_DATA,INSUFFICIENT_DATA
2025-11-15,Sovereign AI,FIRST_MENTION_AND_HC,high_conviction,1,1,"TBPN — Token factories, sovereign AI","Sovereign AI for most countries will be fine-tuned open-source models run in local data centers, not frontier model development; China will fall further behind",,,NO_BASKET,LONG,False,NO_BASKET,NO_BASKET,INSUFFICIENT_DATA,INSUFFICIENT_DATA,-0.31,20.92,INSUFFICIENT_DATA,INSUFFICIENT_DATA,NO_BASKET,NO_BASKET,INSUFFICIENT_DATA,INSUFFICIENT_DATA
2025-11-15,SpaceX ecosystem / Starship economics,FIRST_MENTION_WITH_TICKERS,high_conviction,5,9,"TBPN — Token factories, sovereign AI","SpaceX near-term value is driven by terrestrial compute gigawatt ramp and Grok/cursor adoption, not long-duration space optionality",SPCE,"RKLB, LUNR, ASTS, RDW",RETAIL_PROXY,LONG,True,17.14,73.76,INSUFFICIENT_DATA,INSUFFICIENT_DATA,-0.31,20.92,INSUFFICIENT_DATA,INSUFFICIENT_DATA,17.45,52.85,INSUFFICIENT_DATA,INSUFFICIENT_DATA
2025-11-15,SpaceX ecosystem / Starship economics,FIRST_SMID_TICKER,high_conviction,5,9,"TBPN — Token factories, sovereign AI","SpaceX near-term value is driven by terrestrial compute gigawatt ramp and Grok/cursor adoption, not long-duration space optionality",SPCE,"RKLB, LUNR, ASTS, RDW",RETAIL_PROXY,LONG,True,17.14,73.76,INSUFFICIENT_DATA,INSUFFICIENT_DATA,-0.31,20.92,INSUFFICIENT_DATA,INSUFFICIENT_DATA,17.45,52.85,INSUFFICIENT_DATA,INSUFFICIENT_DATA
2025-12-09,Anthropic valuation / efficiency,FIRST_MENTION_WITH_TICKERS,moderate,3,4,"Invest Like the Best (YouTube) — GPUs, TPUs, economics of AI (Nvidia vs Google)","Anthropic is burning dramatically less cash than OpenAI while growing faster, benefiting from Google/Amazon TPU and Trainium access","NVDA, GOOGL, AMZN",,NO_BASKET,LONG,False,NO_BASKET,NO_BASKET,INSUFFICIENT_DATA,INSUFFICIENT_DATA,5.81,5.51,INSUFFICIENT_DATA,INSUFFICIENT_DATA,NO_BASKET,NO_BASKET,INSUFFICIENT_DATA,INSUFFICIENT_DATA
2025-12-09,DRAM / HBM memory bottleneck,THESIS_REVERSAL,speculative,8,11,"Invest Like the Best (YouTube) — GPUs, TPUs, economics of AI (Nvidia vs Google)",A true DRAM capacity cycle (not seen since the late 1990s) could emerge as a natural governor and risk to AI buildout,,MU,OBVIOUS_UNIVERSE,LONG,False,36.77,60.65,INSUFFICIENT_DATA,INSUFFICIENT_DATA,5.81,5.51,INSUFFICIENT_DATA,INSUFFICIENT_DATA,30.96,55.14,INSUFFICIENT_DATA,INSUFFICIENT_DATA
2025-12-09,Edge AI as bear case for cloud,FIRST_MENTION_WITH_TICKERS,moderate,2,2,"Invest Like the Best (YouTube) — GPUs, TPUs, economics of AI (Nvidia vs Google)",Edge AI running pruned frontier models on-device is the primary bear case for cloud AI compute demand,AAPL,"AAPL, QCOM",CONSTRUCTED,MIXED,False,-2.71,-16.32,INSUFFICIENT_DATA,INSUFFICIENT_DATA,5.81,5.51,INSUFFICIENT_DATA,INSUFFICIENT_DATA,-8.51,-21.83,INSUFFICIENT_DATA,INSUFFICIENT_DATA
2025-12-09,Nuclear/quantum bubble warning,FIRST_MENTION_AND_HC,high_conviction,1,1,"Invest Like the Best (YouTube) — GPUs, TPUs, economics of AI (Nvidia vs Google)",Nuclear and quantum computing public equities are in bubble territory; the best players are not publicly investable,GOOGL,,NO_BASKET,SHORT,False,NO_BASKET,NO_BASKET,INSUFFICIENT_DATA,INSUFFICIENT_DATA,5.81,5.51,INSUFFICIENT_DATA,INSUFFICIENT_DATA,NO_BASKET,NO_BASKET,INSUFFICIENT_DATA,INSUFFICIENT_DATA
2025-12-09,Nuclear/quantum bubble warning,FIRST_MENTION_WITH_TICKERS,high_conviction,1,1,"Invest Like the Best (YouTube) — GPUs, TPUs, economics of AI (Nvidia vs Google)",Nuclear and quantum computing public equities are in bubble territory; the best players are not publicly investable,GOOGL,,NO_BASKET,SHORT,False,NO_BASKET,NO_BASKET,INSUFFICIENT_DATA,INSUFFICIENT_DATA,5.81,5.51,INSUFFICIENT_DATA,INSUFFICIENT_DATA,NO_BASKET,NO_BASKET,INSUFFICIENT_DATA,INSUFFICIENT_DATA
2025-12-09,TSMC capacity discipline,FIRST_MENTION,moderate,1,3,"Invest Like the Best (YouTube) — GPUs, TPUs, economics of AI (Nvidia vs Google)","TSMC is being too conservative in capacity expansion, acting as a governor on the AI buildout but potentially making a strategic mistake",INTC,"NVDA, AVGO, MU",OBVIOUS_UNIVERSE,LONG,False,7.26,14.17,INSUFFICIENT_DATA,INSUFFICIENT_DATA,5.81,5.51,INSUFFICIENT_DATA,INSUFFICIENT_DATA,1.45,8.66,INSUFFICIENT_DATA,INSUFFICIENT_DATA
2025-12-09,TSMC capacity discipline,FIRST_MENTION_WITH_TICKERS,moderate,1,3,"Invest Like the Best (YouTube) — GPUs, TPUs, economics of AI (Nvidia vs Google)","TSMC is being too conservative in capacity expansion, acting as a governor on the AI buildout but potentially making a strategic mistake",INTC,"NVDA, AVGO, MU",OBVIOUS_UNIVERSE,LONG,False,7.26,14.17,INSUFFICIENT_DATA,INSUFFICIENT_DATA,5.81,5.51,INSUFFICIENT_DATA,INSUFFICIENT_DATA,1.45,8.66,INSUFFICIENT_DATA,INSUFFICIENT_DATA
2025-12-09,TSMC capacity discipline,THESIS_REVERSAL,moderate,1,3,"Invest Like the Best (YouTube) — GPUs, TPUs, economics of AI (Nvidia vs Google)","TSMC is being too conservative in capacity expansion, acting as a governor on the AI buildout but potentially making a strategic mistake",INTC,"NVDA, AVGO, MU",OBVIOUS_UNIVERSE,LONG,False,7.26,14.17,INSUFFICIENT_DATA,INSUFFICIENT_DATA,5.81,5.51,INSUFFICIENT_DATA,INSUFFICIENT_DATA,1.45,8.66,INSUFFICIENT_DATA,INSUFFICIENT_DATA
2025-12-09,Trainium / Amazon custom silicon,FIRST_MENTION_AND_HC,high_conviction,1,3,"Invest Like the Best (YouTube) — GPUs, TPUs, economics of AI (Nvidia vs Google)",Most ASICs other than Trainium and TPU will fail; only those with multi-generation experience will be competitive,"AMZN, NVDA",AMZN,BAKER_NAMED,LONG,False,8.54,-8.07,INSUFFICIENT_DATA,INSUFFICIENT_DATA,5.81,5.51,INSUFFICIENT_DATA,INSUFFICIENT_DATA,2.73,-13.58,INSUFFICIENT_DATA,INSUFFICIENT_DATA
2025-12-09,Trainium / Amazon custom silicon,FIRST_MENTION_WITH_TICKERS,moderate,1,3,"Invest Like the Best (YouTube) — GPUs, TPUs, economics of AI (Nvidia vs Google)","Anthropic is burning dramatically less cash than OpenAI while growing faster, benefiting from Google/Amazon TPU and Trainium access","NVDA, GOOGL, AMZN",AMZN,BAKER_NAMED,LONG,False,8.54,-8.07,INSUFFICIENT_DATA,INSUFFICIENT_DATA,5.81,5.51,INSUFFICIENT_DATA,INSUFFICIENT_DATA,2.73,-13.58,INSUFFICIENT_DATA,INSUFFICIENT_DATA
2026-05-12,DRAM / HBM memory bottleneck,HC_HIGH_PROFILE_VENUE,high_conviction,9,11,HedgeFundAlpha (writeup) — Baker & Khaira fireside writeup,Memory cycle dynamics represent the most important investment judgment call Baker has faced in his career,,MU,OBVIOUS_UNIVERSE,LONG,False,29.91,INSUFFICIENT_DATA,INSUFFICIENT_DATA,INSUFFICIENT_DATA,8.59,INSUFFICIENT_DATA,INSUFFICIENT_DATA,INSUFFICIENT_DATA,21.32,INSUFFICIENT_DATA,INSUFFICIENT_DATA,INSUFFICIENT_DATA
2026-05-12,Neoclouds as durable model,FIRST_MENTION_AND_HC,high_conviction,1,1,Sohn NY 2026 — Tech investing fireside,"Neo/specialist clouds (CoreWeave, Crusoe, Nebius, Lambda) represent a durable business model, not a transitional arbitrage",,CRWV,OBVIOUS_UNIVERSE,LONG,False,-11.15,INSUFFICIENT_DATA,INSUFFICIENT_DATA,INSUFFICIENT_DATA,8.59,INSUFFICIENT_DATA,INSUFFICIENT_DATA,INSUFFICIENT_DATA,-19.73,INSUFFICIENT_DATA,INSUFFICIENT_DATA,INSUFFICIENT_DATA
2026-05-12,Neoclouds as durable model,HC_HIGH_PROFILE_VENUE,high_conviction,1,1,Sohn NY 2026 — Tech investing fireside,"Neo/specialist clouds (CoreWeave, Crusoe, Nebius, Lambda) represent a durable business model, not a transitional arbitrage",,CRWV,OBVIOUS_UNIVERSE,LONG,False,-11.15,INSUFFICIENT_DATA,INSUFFICIENT_DATA,INSUFFICIENT_DATA,8.59,INSUFFICIENT_DATA,INSUFFICIENT_DATA,INSUFFICIENT_DATA,-19.73,INSUFFICIENT_DATA,INSUFFICIENT_DATA,INSUFFICIENT_DATA
2026-05-12,Orbital / space-based compute,THESIS_REVERSAL,moderate,6,8,Sohn NY 2026 — Tech investing fireside,"Terrestrial data center power, cooling, and industrial infrastructure names face structural short risk as orbital compute approaches",,"RKLB, LUNR, ASTS, RDW",RETAIL_PROXY,LONG,True,18.67,INSUFFICIENT_DATA,INSUFFICIENT_DATA,INSUFFICIENT_DATA,8.59,INSUFFICIENT_DATA,INSUFFICIENT_DATA,INSUFFICIENT_DATA,10.08,INSUFFICIENT_DATA,INSUFFICIENT_DATA,INSUFFICIENT_DATA
2026-05-12,TSMC capacity discipline,FIRST_HC_NOT_FIRST_MENTION,high_conviction,2,3,Sohn NY 2026 — Tech investing fireside,TSMC's deliberate capacity restraint will prevent an AI bubble and sustain a prolonged upcycle in leading-edge wafer supply,"NVDA, TSM","NVDA, AVGO, MU",OBVIOUS_UNIVERSE,LONG,False,4.92,INSUFFICIENT_DATA,INSUFFICIENT_DATA,INSUFFICIENT_DATA,8.59,INSUFFICIENT_DATA,INSUFFICIENT_DATA,INSUFFICIENT_DATA,-3.67,INSUFFICIENT_DATA,INSUFFICIENT_DATA,INSUFFICIENT_DATA
2026-05-12,TSMC capacity discipline,HC_HIGH_PROFILE_VENUE,high_conviction,2,3,Sohn NY 2026 — Tech investing fireside,TSMC's deliberate capacity restraint will prevent an AI bubble and sustain a prolonged upcycle in leading-edge wafer supply,"NVDA, TSM","NVDA, AVGO, MU",OBVIOUS_UNIVERSE,LONG,False,4.92,INSUFFICIENT_DATA,INSUFFICIENT_DATA,INSUFFICIENT_DATA,8.59,INSUFFICIENT_DATA,INSUFFICIENT_DATA,INSUFFICIENT_DATA,-3.67,INSUFFICIENT_DATA,INSUFFICIENT_DATA,INSUFFICIENT_DATA
2026-05-12,Trainium / Amazon custom silicon,HC_HIGH_PROFILE_VENUE,high_conviction,2,3,HedgeFundAlpha (writeup) — Baker & Khaira fireside writeup,Amazon's Trainium chips are the most underestimated AI play in the market,AMZN,AMZN,BAKER_NAMED,LONG,False,-9.15,INSUFFICIENT_DATA,INSUFFICIENT_DATA,INSUFFICIENT_DATA,8.59,INSUFFICIENT_DATA,INSUFFICIENT_DATA,INSUFFICIENT_DATA,-17.73,INSUFFICIENT_DATA,INSUFFICIENT_DATA,INSUFFICIENT_DATA
2026-05-12,Usage-based AI pricing shift,FIRST_MENTION_AND_HC,high_conviction,1,2,Sohn NY 2026 — Tech investing fireside,"AI frontier model pricing is shifting from flat-rate subscriptions to usage-based with overage, which is wildly bullish for AI revenue and token pricing",,,NO_BASKET,LONG,False,NO_BASKET,INSUFFICIENT_DATA,INSUFFICIENT_DATA,INSUFFICIENT_DATA,8.59,INSUFFICIENT_DATA,INSUFFICIENT_DATA,INSUFFICIENT_DATA,NO_BASKET,INSUFFICIENT_DATA,INSUFFICIENT_DATA,INSUFFICIENT_DATA
2026-05-12,Usage-based AI pricing shift,HC_HIGH_PROFILE_VENUE,high_conviction,1,2,Sohn NY 2026 — Tech investing fireside,"AI frontier model pricing is shifting from flat-rate subscriptions to usage-based with overage, which is wildly bullish for AI revenue and token pricing",,,NO_BASKET,LONG,False,NO_BASKET,INSUFFICIENT_DATA,INSUFFICIENT_DATA,INSUFFICIENT_DATA,8.59,INSUFFICIENT_DATA,INSUFFICIENT_DATA,INSUFFICIENT_DATA,NO_BASKET,INSUFFICIENT_DATA,INSUFFICIENT_DATA,INSUFFICIENT_DATA
2026-05-20,AI destroying application layer value,FIRST_MENTION_AND_HC,high_conviction,1,1,Invest Like the Best (YouTube) — Watts and wafers,"AI has net destroyed trillions of dollars of value at the application layer, and value creation is concentrated in companies with the highest ratio of utilized GPUs per human",,SMH,OBVIOUS_UNIVERSE,LONG,False,18.46,INSUFFICIENT_DATA,INSUFFICIENT_DATA,INSUFFICIENT_DATA,18.46,INSUFFICIENT_DATA,INSUFFICIENT_DATA,INSUFFICIENT_DATA,0.0,INSUFFICIENT_DATA,INSUFFICIENT_DATA,INSUFFICIENT_DATA
2026-05-20,ALAB / copper vs fiber,FIRST_MENTION_AND_HC,high_conviction,1,1,Invest Like the Best (YouTube) — Watts and wafers,"Astera Labs is a high-conviction long that has been miscategorized as a 'copper loser' in market baskets, when it is structurally a beneficiary of both copper and optical connectivity",ALAB,ALAB,BAKER_NAMED,LONG,False,52.94,INSUFFICIENT_DATA,INSUFFICIENT_DATA,INSUFFICIENT_DATA,18.46,INSUFFICIENT_DATA,INSUFFICIENT_DATA,INSUFFICIENT_DATA,34.47,INSUFFICIENT_DATA,INSUFFICIENT_DATA,INSUFFICIENT_DATA
2026-05-20,ALAB / copper vs fiber,FIRST_MENTION_WITH_TICKERS,high_conviction,1,1,Invest Like the Best (YouTube) — Watts and wafers,"Astera Labs is a high-conviction long that has been miscategorized as a 'copper loser' in market baskets, when it is structurally a beneficiary of both copper and optical connectivity",ALAB,ALAB,BAKER_NAMED,LONG,False,52.94,INSUFFICIENT_DATA,INSUFFICIENT_DATA,INSUFFICIENT_DATA,18.46,INSUFFICIENT_DATA,INSUFFICIENT_DATA,INSUFFICIENT_DATA,34.47,INSUFFICIENT_DATA,INSUFFICIENT_DATA,INSUFFICIENT_DATA
2026-05-20,ALAB / copper vs fiber,FIRST_SMID_TICKER,high_conviction,1,1,Invest Like the Best (YouTube) — Watts and wafers,"Astera Labs is a high-conviction long that has been miscategorized as a 'copper loser' in market baskets, when it is structurally a beneficiary of both copper and optical connectivity",ALAB,ALAB,BAKER_NAMED,LONG,False,52.94,INSUFFICIENT_DATA,INSUFFICIENT_DATA,INSUFFICIENT_DATA,18.46,INSUFFICIENT_DATA,INSUFFICIENT_DATA,INSUFFICIENT_DATA,34.47,INSUFFICIENT_DATA,INSUFFICIENT_DATA,INSUFFICIENT_DATA
2026-05-20,Anthropic valuation / efficiency,FIRST_SMID_TICKER,high_conviction,4,4,Invest Like the Best (YouTube) — Watts and wafers,"Anthropic's ARR growth is the most extraordinary revenue ramp in the history of capitalism, adding the combined ARR of Palantir, Snowflake, and Databricks in one month","PLTR, SNOW",,NO_BASKET,LONG,False,NO_BASKET,INSUFFICIENT_DATA,INSUFFICIENT_DATA,INSUFFICIENT_DATA,18.46,INSUFFICIENT_DATA,INSUFFICIENT_DATA,INSUFFICIENT_DATA,NO_BASKET,INSUFFICIENT_DATA,INSUFFICIENT_DATA,INSUFFICIENT_DATA
2026-05-20,Google TPU competitive position,THESIS_REVERSAL,high_conviction,4,4,Invest Like the Best (YouTube) — Watts and wafers,"Google has lost its per-cost-token leadership due to conservative TPU v8 design decisions, shifting the Pareto frontier to Anthropic, OpenAI, and xAI","GOOGL, AVGO, NVDA, AMD",GOOGL,BAKER_NAMED,LONG,False,-10.03,INSUFFICIENT_DATA,INSUFFICIENT_DATA,INSUFFICIENT_DATA,18.46,INSUFFICIENT_DATA,INSUFFICIENT_DATA,INSUFFICIENT_DATA,-28.5,INSUFFICIENT_DATA,INSUFFICIENT_DATA,INSUFFICIENT_DATA
2026-05-20,Optical networking / interconnect,FIRST_SMID_TICKER,high_conviction,8,8,Invest Like the Best (YouTube) — Watts and wafers,"Astera Labs is a high-conviction long that has been miscategorized as a 'copper loser' in market baskets, when it is structurally a beneficiary of both copper and optical connectivity",ALAB,"CIEN, COHR, LITE",BAKER_NAMED,LONG,False,1.55,INSUFFICIENT_DATA,INSUFFICIENT_DATA,INSUFFICIENT_DATA,18.46,INSUFFICIENT_DATA,INSUFFICIENT_DATA,INSUFFICIENT_DATA,-16.92,INSUFFICIENT_DATA,INSUFFICIENT_DATA,INSUFFICIENT_DATA
2026-05-20,Orbital / space-based compute,THESIS_REVERSAL,moderate,7,8,Invest Like the Best (YouTube) — Watts and wafers,Companies in the power production and cooling ecosystem that are massively ramping capacity face risk from orbital compute becoming real just as that capacity hits,,"RKLB, LUNR, ASTS, RDW",RETAIL_PROXY,LONG,True,-22.54,INSUFFICIENT_DATA,INSUFFICIENT_DATA,INSUFFICIENT_DATA,18.46,INSUFFICIENT_DATA,INSUFFICIENT_DATA,INSUFFICIENT_DATA,-41.0,INSUFFICIENT_DATA,INSUFFICIENT_DATA,INSUFFICIENT_DATA
2026-05-20,TSMC capacity discipline,THIRD_MENTION_WITHIN_1YR,high_conviction,3,3,Invest Like the Best (YouTube) — Watts and wafers,TSMC's capacity discipline is the single most important variable in preventing an AI infrastructure bubble,"TSM, INTC, NVDA","NVDA, AVGO, MU",OBVIOUS_UNIVERSE,LONG,False,17.66,INSUFFICIENT_DATA,INSUFFICIENT_DATA,INSUFFICIENT_DATA,18.46,INSUFFICIENT_DATA,INSUFFICIENT_DATA,INSUFFICIENT_DATA,-0.8,INSUFFICIENT_DATA,INSUFFICIENT_DATA,INSUFFICIENT_DATA
2026-05-20,Trainium / Amazon custom silicon,THIRD_MENTION_WITHIN_1YR,moderate,3,3,Invest Like the Best (YouTube) — Watts and wafers,"Amazon is in a strong position due to Trainium, real P&L efficiencies from robotics in retail over the next 18 months, and underappreciated Nova models",AMZN,AMZN,BAKER_NAMED,LONG,False,-12.16,INSUFFICIENT_DATA,INSUFFICIENT_DATA,INSUFFICIENT_DATA,18.46,INSUFFICIENT_DATA,INSUFFICIENT_DATA,INSUFFICIENT_DATA,-30.62,INSUFFICIENT_DATA,INSUFFICIENT_DATA,INSUFFICIENT_DATA
2026-06-11,Bottleneck trade ending,FIRST_MENTION_WITH_TICKERS,high_conviction,2,2,"BG2 Pod — SpaceX IPO, AI capex, Cursor",The 'finding the next bottleneck' trade in semiconductors is over; many bottleneck stocks have gone 'straight up a cliff' and need to rest or correct,"NVDA, AVGO",SMH,OBVIOUS_UNIVERSE,SHORT,False,INSUFFICIENT_DATA,INSUFFICIENT_DATA,INSUFFICIENT_DATA,INSUFFICIENT_DATA,INSUFFICIENT_DATA,INSUFFICIENT_DATA,INSUFFICIENT_DATA,INSUFFICIENT_DATA,INSUFFICIENT_DATA,INSUFFICIENT_DATA,INSUFFICIENT_DATA,INSUFFICIENT_DATA
2026-06-11,Open source AI bullish for hardware,FIRST_MENTION_AND_HC,high_conviction,1,1,"BG2 Pod — SpaceX IPO, AI capex, Cursor","Open-source AI success is bullish for compute/hardware providers, not bearish for the AI ecosystem",,NVDA,OBVIOUS_UNIVERSE,LONG,False,INSUFFICIENT_DATA,INSUFFICIENT_DATA,INSUFFICIENT_DATA,INSUFFICIENT_DATA,INSUFFICIENT_DATA,INSUFFICIENT_DATA,INSUFFICIENT_DATA,INSUFFICIENT_DATA,INSUFFICIENT_DATA,INSUFFICIENT_DATA,INSUFFICIENT_DATA,INSUFFICIENT_DATA
2026-06-11,SpaceX ecosystem / Starship economics,THESIS_REVERSAL,moderate,9,9,"BG2 Pod — SpaceX IPO, AI capex, Cursor",SpaceX IPO post-listing drawdown risk is real but the lock-up and employee liquidity history mitigate selling pressure,,"RKLB, LUNR, ASTS, RDW",RETAIL_PROXY,LONG,True,INSUFFICIENT_DATA,INSUFFICIENT_DATA,INSUFFICIENT_DATA,INSUFFICIENT_DATA,INSUFFICIENT_DATA,INSUFFICIENT_DATA,INSUFFICIENT_DATA,INSUFFICIENT_DATA,INSUFFICIENT_DATA,INSUFFICIENT_DATA,INSUFFICIENT_DATA,INSUFFICIENT_DATA
